timestep_2,region_1,region_2,technology_4,parameter,value,comment
all,mexico,bajaCalifornia,resWindOffshoreShallow,capaConvUp,0,multiplied values for rooftop with a factor of 6 to correct for efficiencies
all,mexico,bajaCalifornia,resWindOffshoreTransitional,capaConvUp,0,
all,mexico,bajaCalifornia,resWindOffshoreDeep,capaConvUp,0,
all,mexico,bajaCalifornia,resOcean,capaConvUp,0.509,
all,mexico,bajaCalifornia,resGeothermal,capaConvUp,3.773,
all,mexico,bajaCalifornia,dPhs,capaStInUp,0.167,
all,mexico,bajaCalifornia,resPvUtilityAvg,capaConvUp,146.978,
all,mexico,bajaCalifornia,hltPvRooftopCommercial,capaConvUp,916.668,
all,mexico,bajaCalifornia,hltPvRooftopResidential,capaConvUp,152.506,
all,mexico,bajaCalifornia,resPvRooftopResidential,capaConvUp,1913.439,
all,mexico,bajaCalifornia,resPvRooftopCommercial,capaConvUp,5050.262,
all,mexico,bajaCalifornia,pBiomass_,capaConvUp,1815.134,
all,mexico,bajaCalifornia,pBiomassCcs,capaConvUp,429.413,
all,mexico,bajaCaliforniaSur,resWindOffshoreShallow,capaConvUp,113.666,
all,mexico,bajaCaliforniaSur,resWindOffshoreTransitional,capaConvUp,0,
all,mexico,bajaCaliforniaSur,resWindOffshoreDeep,capaConvUp,0,
all,mexico,bajaCaliforniaSur,resOcean,capaConvUp,0,
all,mexico,bajaCaliforniaSur,resGeothermal,capaConvUp,0.151,
all,mexico,bajaCaliforniaSur,dPhs,capaStInUp,0.167,
all,mexico,bajaCaliforniaSur,resPvUtilityAvg,capaConvUp,152.778,
all,mexico,central,resWindOffshoreShallow,capaConvUp,0,
all,mexico,central,resWindOffshoreTransitional,capaConvUp,0,
all,mexico,central,resWindOffshoreDeep,capaConvUp,0,
all,mexico,central,resOcean,capaConvUp,0,
all,mexico,central,resGeothermal,capaConvUp,0.472,
all,mexico,central,dPhs,capaStInUp,0.007,
all,mexico,central,resPvUtilityAvg,capaConvUp,25.418,
all,mexico,noreste,resWindOffshoreShallow,capaConvUp,0,
all,mexico,noreste,resWindOffshoreTransitional,capaConvUp,0,
all,mexico,noreste,resWindOffshoreDeep,capaConvUp,0,
all,mexico,noreste,resOcean,capaConvUp,0,
all,mexico,noreste,resGeothermal,capaConvUp,0.027,
all,mexico,noreste,dPhs,capaStInUp,0.688,
all,mexico,noreste,resPvUtilityAvg,capaConvUp,318.907,
all,mexico,noroeste,resWindOffshoreShallow,capaConvUp,0,
all,mexico,noroeste,resWindOffshoreTransitional,capaConvUp,0,
all,mexico,noroeste,resWindOffshoreDeep,capaConvUp,0,
all,mexico,noroeste,resOcean,capaConvUp,0,
all,mexico,noroeste,resGeothermal,capaConvUp,0.01,
all,mexico,noroeste,dPhs,capaStInUp,0.08,
all,mexico,noroeste,resPvUtilityAvg,capaConvUp,841.71,
all,mexico,norte,resWindOffshoreShallow,capaConvUp,0,
all,mexico,norte,resWindOffshoreTransitional,capaConvUp,0,
all,mexico,norte,resWindOffshoreDeep,capaConvUp,0,
all,mexico,norte,resOcean,capaConvUp,0,
all,mexico,norte,resGeothermal,capaConvUp,0.249,
all,mexico,norte,dPhs,capaStInUp,0.351,
all,mexico,norte,resPvUtilityAvg,capaConvUp,1815.134,
all,mexico,occidental,resWindOffshoreShallow,capaConvUp,0,
all,mexico,occidental,resWindOffshoreTransitional,capaConvUp,0,
all,mexico,occidental,resWindOffshoreDeep,capaConvUp,0,
all,mexico,occidental,resOcean,capaConvUp,0,
all,mexico,occidental,resGeothermal,capaConvUp,2.6,
all,mexico,occidental,dPhs,capaStInUp,0.383,
all,mexico,occidental,resPvUtilityAvg,capaConvUp,429.413,
all,mexico,oriental,resWindOffshoreShallow,capaConvUp,0,
all,mexico,oriental,resWindOffshoreTransitional,capaConvUp,0,
all,mexico,oriental,resWindOffshoreDeep,capaConvUp,0,
all,mexico,oriental,resOcean,capaConvUp,0,
all,mexico,oriental,resGeothermal,capaConvUp,0.308,
all,mexico,oriental,dPhs,capaStInUp,1.451,
all,mexico,oriental,resPvUtilityAvg,capaConvUp,369.87,
all,mexico,peninsular,resWindOffshoreShallow,capaConvUp,0,
all,mexico,peninsular,resWindOffshoreTransitional,capaConvUp,0,
all,mexico,peninsular,resWindOffshoreDeep,capaConvUp,0,
all,mexico,peninsular,resOcean,capaConvUp,0,
all,mexico,peninsular,resGeothermal,capaConvUp,0,
all,mexico,peninsular,dPhs,capaStInUp,0,
all,mexico,peninsular,resPvUtilityAvg,capaConvUp,113.666,
all,mexico,bajaCalifornia,resWindOnshoreAvg,capaConvUp,159.02,
all,mexico,bajaCaliforniaSur,resWindOnshoreAvg,capaConvUp,67.526,
all,mexico,central,resWindOnshoreAvg,capaConvUp,33.05,
all,mexico,noreste,resWindOnshoreAvg,capaConvUp,339.484,
all,mexico,noroeste,resWindOnshoreAvg,capaConvUp,85.741,
all,mexico,norte,resWindOnshoreAvg,capaConvUp,418.627,
all,mexico,occidental,resWindOnshoreAvg,capaConvUp,110.06,
all,mexico,oriental,resWindOnshoreAvg,capaConvUp,188.883,
all,mexico,peninsular,resWindOnshoreAvg,capaConvUp,175.9,
all,usa,alabama,resWindOnshoreAvg,capaConvUp,0.118,
all,usa,alaska,resWindOnshoreAvg,capaConvUp,493.346,
all,usa,arizona,resWindOnshoreAvg,capaConvUp,10.904,
all,usa,arkansas,resWindOnshoreAvg,capaConvUp,9.2,
all,usa,california,resWindOnshoreAvg,capaConvUp,34.11,
all,usa,colorado,resWindOnshoreAvg,capaConvUp,387.219,
all,usa,connecticut,resWindOnshoreAvg,capaConvUp,0.027,
all,usa,delaware,resWindOnshoreAvg,capaConvUp,0.01,
all,usa,florida,resWindOnshoreAvg,capaConvUp,0,
all,usa,georgia,resWindOnshoreAvg,capaConvUp,0.13,
all,usa,idaho,resWindOnshoreAvg,capaConvUp,18.076,
all,usa,illinois,resWindOnshoreAvg,capaConvUp,249.882,
all,usa,indiana,resWindOnshoreAvg,capaConvUp,148.228,
all,usa,iowa,resWindOnshoreAvg,capaConvUp,570.714,
all,usa,kansas,resWindOnshoreAvg,capaConvUp,952.371,
all,usa,kentucky,resWindOnshoreAvg,capaConvUp,0.061,
all,usa,louisiana,resWindOnshoreAvg,capaConvUp,0.41,
all,usa,maine,resWindOnshoreAvg,capaConvUp,11.251,
all,usa,maryland,resWindOnshoreAvg,capaConvUp,1.483,
all,usa,massachusetts,resWindOnshoreAvg,capaConvUp,1.028,
all,usa,michigan,resWindOnshoreAvg,capaConvUp,59.042,
all,usa,minnesota,resWindOnshoreAvg,capaConvUp,489.271,
all,usa,mississippi,resWindOnshoreAvg,capaConvUp,0,
all,usa,missouri,resWindOnshoreAvg,capaConvUp,274.355,
all,usa,montana,resWindOnshoreAvg,capaConvUp,944.005,
all,usa,nebraska,resWindOnshoreAvg,capaConvUp,917.999,
all,usa,nevada,resWindOnshoreAvg,capaConvUp,7.247,
all,usa,newHampshire,resWindOnshoreAvg,capaConvUp,2.135,
all,usa,newJersey,resWindOnshoreAvg,capaConvUp,0.132,
all,usa,newMexico,resWindOnshoreAvg,capaConvUp,492.084,
all,usa,newYork,resWindOnshoreAvg,capaConvUp,25.781,
all,usa,northCarolina,resWindOnshoreAvg,capaConvUp,0.808,
all,usa,northDakota,resWindOnshoreAvg,capaConvUp,770.195,
all,usa,ohio,resWindOnshoreAvg,capaConvUp,54.92,
all,usa,oklahoma,resWindOnshoreAvg,capaConvUp,516.822,
all,usa,oregon,resWindOnshoreAvg,capaConvUp,27.1,
all,usa,pennsylvania,resWindOnshoreAvg,capaConvUp,249.882,
all,usa,rhodeIsland,resWindOnshoreAvg,capaConvUp,0.047,
all,usa,southCarolina,resWindOnshoreAvg,capaConvUp,0.185,
all,usa,southDakota,resWindOnshoreAvg,capaConvUp,882.413,
all,usa,tennessee,resWindOnshoreAvg,capaConvUp,0.309,
all,usa,texas,resWindOnshoreAvg,capaConvUp,1901.53,
all,usa,utah,resWindOnshoreAvg,capaConvUp,13.104,
all,usa,vermont,resWindOnshoreAvg,capaConvUp,2.949,
all,usa,virginia,resWindOnshoreAvg,capaConvUp,1.794,
all,usa,washington,resWindOnshoreAvg,capaConvUp,18.479,
all,usa,westVirginia,resWindOnshoreAvg,capaConvUp,9.2,
all,usa,wisconsin,resWindOnshoreAvg,capaConvUp,103.757,
all,usa,wyoming,resWindOnshoreAvg,capaConvUp,552.073,
all,usa,alabama,resWindOffshoreTransitional,capaConvUp,0,
all,usa,alaska,resWindOffshoreTransitional,capaConvUp,0,
all,usa,arizona,resWindOffshoreTransitional,capaConvUp,0,
all,usa,arkansas,resWindOffshoreTransitional,capaConvUp,0,
all,usa,california,resWindOffshoreTransitional,capaConvUp,0,
all,usa,colorado,resWindOffshoreTransitional,capaConvUp,0,
all,usa,connecticut,resWindOffshoreTransitional,capaConvUp,0,
all,usa,delaware,resWindOffshoreTransitional,capaConvUp,0,
all,usa,florida,resWindOffshoreTransitional,capaConvUp,0,
all,usa,georgia,resWindOffshoreTransitional,capaConvUp,0,
all,usa,idaho,resWindOffshoreTransitional,capaConvUp,0,
all,usa,illinois,resWindOffshoreTransitional,capaConvUp,0,
all,usa,indiana,resWindOffshoreTransitional,capaConvUp,0,
all,usa,iowa,resWindOffshoreTransitional,capaConvUp,0,
all,usa,kansas,resWindOffshoreTransitional,capaConvUp,0,
all,usa,kentucky,resWindOffshoreTransitional,capaConvUp,0,
all,usa,louisiana,resWindOffshoreTransitional,capaConvUp,0,
all,usa,maine,resWindOffshoreTransitional,capaConvUp,0,
all,usa,maryland,resWindOffshoreTransitional,capaConvUp,0,
all,usa,massachusetts,resWindOffshoreTransitional,capaConvUp,0,
all,usa,michigan,resWindOffshoreTransitional,capaConvUp,0,
all,usa,minnesota,resWindOffshoreTransitional,capaConvUp,0,
all,usa,mississippi,resWindOffshoreTransitional,capaConvUp,0,
all,usa,missouri,resWindOffshoreTransitional,capaConvUp,0,
all,usa,montana,resWindOffshoreTransitional,capaConvUp,0,
all,usa,nebraska,resWindOffshoreTransitional,capaConvUp,0,
all,usa,nevada,resWindOffshoreTransitional,capaConvUp,0,
all,usa,newHampshire,resWindOffshoreTransitional,capaConvUp,0,
all,usa,newJersey,resWindOffshoreTransitional,capaConvUp,0,
all,usa,newMexico,resWindOffshoreTransitional,capaConvUp,0,
all,usa,newYork,resWindOffshoreTransitional,capaConvUp,0,
all,usa,northCarolina,resWindOffshoreTransitional,capaConvUp,0,
all,usa,northDakota,resWindOffshoreTransitional,capaConvUp,0,
all,usa,ohio,resWindOffshoreTransitional,capaConvUp,0,
all,usa,oklahoma,resWindOffshoreTransitional,capaConvUp,0,
all,usa,oregon,resWindOffshoreTransitional,capaConvUp,0,
all,usa,pennsylvania,resWindOffshoreTransitional,capaConvUp,0,
all,usa,rhodeIsland,resWindOffshoreTransitional,capaConvUp,0,
all,usa,southCarolina,resWindOffshoreTransitional,capaConvUp,0,
all,usa,southDakota,resWindOffshoreTransitional,capaConvUp,0,
all,usa,tennessee,resWindOffshoreTransitional,capaConvUp,0,
all,usa,texas,resWindOffshoreTransitional,capaConvUp,0,
all,usa,utah,resWindOffshoreTransitional,capaConvUp,0,
all,usa,vermont,resWindOffshoreTransitional,capaConvUp,0,
all,usa,virginia,resWindOffshoreTransitional,capaConvUp,0,
all,usa,washington,resWindOffshoreTransitional,capaConvUp,0,
all,usa,westVirginia,resWindOffshoreTransitional,capaConvUp,0,
all,usa,wisconsin,resWindOffshoreTransitional,capaConvUp,0,
all,usa,wyoming,resWindOffshoreTransitional,capaConvUp,0,
all,usa,alabama,resWindOffshoreShallow,capaConvUp,0,
all,usa,alaska,resWindOffshoreShallow,capaConvUp,0,
all,usa,arizona,resWindOffshoreShallow,capaConvUp,0,
all,usa,arkansas,resWindOffshoreShallow,capaConvUp,0,
all,usa,california,resWindOffshoreShallow,capaConvUp,654.833,
all,usa,colorado,resWindOffshoreShallow,capaConvUp,0,
all,usa,connecticut,resWindOffshoreShallow,capaConvUp,7.171,
all,usa,delaware,resWindOffshoreShallow,capaConvUp,15.038,
all,usa,florida,resWindOffshoreShallow,capaConvUp,9.649,
all,usa,georgia,resWindOffshoreShallow,capaConvUp,58.629,
all,usa,idaho,resWindOffshoreShallow,capaConvUp,0,
all,usa,illinois,resWindOffshoreShallow,capaConvUp,15.872,
all,usa,indiana,resWindOffshoreShallow,capaConvUp,0.045,
all,usa,iowa,resWindOffshoreShallow,capaConvUp,0,
all,usa,kansas,resWindOffshoreShallow,capaConvUp,0,
all,usa,kentucky,resWindOffshoreShallow,capaConvUp,0,
all,usa,louisiana,resWindOffshoreShallow,capaConvUp,340.615,
all,usa,maine,resWindOffshoreShallow,capaConvUp,147.418,
all,usa,maryland,resWindOffshoreShallow,capaConvUp,51.909,
all,usa,massachusetts,resWindOffshoreShallow,capaConvUp,184.076,
all,usa,michigan,resWindOffshoreShallow,capaConvUp,422.577,
all,usa,minnesota,resWindOffshoreShallow,capaConvUp,29.215,
all,usa,mississippi,resWindOffshoreShallow,capaConvUp,3.213,
all,usa,missouri,resWindOffshoreShallow,capaConvUp,0,
all,usa,montana,resWindOffshoreShallow,capaConvUp,0,
all,usa,nebraska,resWindOffshoreShallow,capaConvUp,0,
all,usa,nevada,resWindOffshoreShallow,capaConvUp,0,
all,usa,newHampshire,resWindOffshoreShallow,capaConvUp,3.456,
all,usa,newJersey,resWindOffshoreShallow,capaConvUp,101.935,
all,usa,newMexico,resWindOffshoreShallow,capaConvUp,0,
all,usa,newYork,resWindOffshoreShallow,capaConvUp,146.077,
all,usa,northCarolina,resWindOffshoreShallow,capaConvUp,306.02,
all,usa,northDakota,resWindOffshoreShallow,capaConvUp,0,
all,usa,ohio,resWindOffshoreShallow,capaConvUp,41.804,
all,usa,oklahoma,resWindOffshoreShallow,capaConvUp,0,
all,usa,oregon,resWindOffshoreShallow,capaConvUp,225.008,
all,usa,pennsylvania,resWindOffshoreShallow,capaConvUp,15.872,
all,usa,rhodeIsland,resWindOffshoreShallow,capaConvUp,20.965,
all,usa,southCarolina,resWindOffshoreShallow,capaConvUp,133.217,
all,usa,southDakota,resWindOffshoreShallow,capaConvUp,0,
all,usa,tennessee,resWindOffshoreShallow,capaConvUp,0,
all,usa,texas,resWindOffshoreShallow,capaConvUp,271.443,
all,usa,utah,resWindOffshoreShallow,capaConvUp,0,
all,usa,vermont,resWindOffshoreShallow,capaConvUp,0,
all,usa,virginia,resWindOffshoreShallow,capaConvUp,89.073,
all,usa,washington,resWindOffshoreShallow,capaConvUp,120.964,
all,usa,westVirginia,resWindOffshoreShallow,capaConvUp,0,
all,usa,wisconsin,resWindOffshoreShallow,capaConvUp,80.672,
all,usa,wyoming,resWindOffshoreShallow,capaConvUp,0,
all,usa,alabama,resWindOffshoreDeep,capaConvUp,0,
all,usa,alaska,resWindOffshoreDeep,capaConvUp,0,
all,usa,arizona,resWindOffshoreDeep,capaConvUp,0,
all,usa,arkansas,resWindOffshoreDeep,capaConvUp,0,
all,usa,california,resWindOffshoreDeep,capaConvUp,0,
all,usa,colorado,resWindOffshoreDeep,capaConvUp,0,
all,usa,connecticut,resWindOffshoreDeep,capaConvUp,0,
all,usa,delaware,resWindOffshoreDeep,capaConvUp,0,
all,usa,florida,resWindOffshoreDeep,capaConvUp,0,
all,usa,georgia,resWindOffshoreDeep,capaConvUp,0,
all,usa,idaho,resWindOffshoreDeep,capaConvUp,0,
all,usa,illinois,resWindOffshoreDeep,capaConvUp,0,
all,usa,indiana,resWindOffshoreDeep,capaConvUp,0,
all,usa,iowa,resWindOffshoreDeep,capaConvUp,0,
all,usa,kansas,resWindOffshoreDeep,capaConvUp,0,
all,usa,kentucky,resWindOffshoreDeep,capaConvUp,0,
all,usa,louisiana,resWindOffshoreDeep,capaConvUp,0,
all,usa,maine,resWindOffshoreDeep,capaConvUp,0,
all,usa,maryland,resWindOffshoreDeep,capaConvUp,0,
all,usa,massachusetts,resWindOffshoreDeep,capaConvUp,0,
all,usa,michigan,resWindOffshoreDeep,capaConvUp,0,
all,usa,minnesota,resWindOffshoreDeep,capaConvUp,0,
all,usa,mississippi,resWindOffshoreDeep,capaConvUp,0,
all,usa,missouri,resWindOffshoreDeep,capaConvUp,0,
all,usa,montana,resWindOffshoreDeep,capaConvUp,0,
all,usa,nebraska,resWindOffshoreDeep,capaConvUp,0,
all,usa,nevada,resWindOffshoreDeep,capaConvUp,0,
all,usa,newHampshire,resWindOffshoreDeep,capaConvUp,0,
all,usa,newJersey,resWindOffshoreDeep,capaConvUp,0,
all,usa,newMexico,resWindOffshoreDeep,capaConvUp,0,
all,usa,newYork,resWindOffshoreDeep,capaConvUp,0,
all,usa,northCarolina,resWindOffshoreDeep,capaConvUp,0,
all,usa,northDakota,resWindOffshoreDeep,capaConvUp,0,
all,usa,ohio,resWindOffshoreDeep,capaConvUp,0,
all,usa,oklahoma,resWindOffshoreDeep,capaConvUp,0,
all,usa,oregon,resWindOffshoreDeep,capaConvUp,0,
all,usa,pennsylvania,resWindOffshoreDeep,capaConvUp,0,
all,usa,rhodeIsland,resWindOffshoreDeep,capaConvUp,0,
all,usa,southCarolina,resWindOffshoreDeep,capaConvUp,0,
all,usa,southDakota,resWindOffshoreDeep,capaConvUp,0,
all,usa,tennessee,resWindOffshoreDeep,capaConvUp,0,
all,usa,texas,resWindOffshoreDeep,capaConvUp,0,
all,usa,utah,resWindOffshoreDeep,capaConvUp,0,
all,usa,vermont,resWindOffshoreDeep,capaConvUp,0,
all,usa,virginia,resWindOffshoreDeep,capaConvUp,0,
all,usa,washington,resWindOffshoreDeep,capaConvUp,0,
all,usa,westVirginia,resWindOffshoreDeep,capaConvUp,0,
all,usa,wisconsin,resWindOffshoreDeep,capaConvUp,0,
all,usa,wyoming,resWindOffshoreDeep,capaConvUp,0,
all,usa,alabama,resPvUtilityAvg,capaConvUp,2135.245,
all,usa,alaska,resPvUtilityAvg,capaConvUp,9005.305,
all,usa,arizona,resPvUtilityAvg,capaConvUp,5199.698,
all,usa,arkansas,resPvUtilityAvg,capaConvUp,2763.435,
all,usa,california,resPvUtilityAvg,capaConvUp,4121.771,
all,usa,colorado,resPvUtilityAvg,capaConvUp,4533.385,
all,usa,connecticut,resPvUtilityAvg,capaConvUp,17.126,
all,usa,delaware,resPvUtilityAvg,capaConvUp,176.289,
all,usa,florida,resPvUtilityAvg,capaConvUp,2852.504,
all,usa,georgia,resPvUtilityAvg,capaConvUp,3112.74,
all,usa,idaho,resPvUtilityAvg,capaConvUp,2057.473,
all,usa,illinois,resPvUtilityAvg,capaConvUp,5032.762,
all,usa,indiana,resPvUtilityAvg,capaConvUp,3079.923,
all,usa,iowa,resPvUtilityAvg,capaConvUp,4036.18,
all,usa,kansas,resPvUtilityAvg,capaConvUp,6975.01,
all,usa,kentucky,resPvUtilityAvg,capaConvUp,1135.595,
all,usa,louisiana,resPvUtilityAvg,capaConvUp,2426.445,
all,usa,maine,resPvUtilityAvg,capaConvUp,660.615,
all,usa,maryland,resPvUtilityAvg,capaConvUp,391.276,
all,usa,massachusetts,resPvUtilityAvg,capaConvUp,62.527,
all,usa,michigan,resPvUtilityAvg,capaConvUp,3477.117,
all,usa,minnesota,resPvUtilityAvg,capaConvUp,6530.231,
all,usa,mississippi,resPvUtilityAvg,capaConvUp,2895.099,
all,usa,missouri,resPvUtilityAvg,capaConvUp,3174.882,
all,usa,montana,resPvUtilityAvg,capaConvUp,4408.881,
all,usa,nebraska,resPvUtilityAvg,capaConvUp,4876.728,
all,usa,nevada,resPvUtilityAvg,capaConvUp,3742.839,
all,usa,newHampshire,resPvUtilityAvg,capaConvUp,37.928,
all,usa,newJersey,resPvUtilityAvg,capaConvUp,276.428,
all,usa,newMexico,resPvUtilityAvg,capaConvUp,7118.291,
all,usa,newYork,resPvUtilityAvg,capaConvUp,958.891,
all,usa,northCarolina,resPvUtilityAvg,capaConvUp,2384.721,
all,usa,northDakota,resPvUtilityAvg,capaConvUp,5485.683,
all,usa,ohio,resPvUtilityAvg,capaConvUp,2452.742,
all,usa,oklahoma,resPvUtilityAvg,capaConvUp,4808.371,
all,usa,oregon,resPvUtilityAvg,capaConvUp,1897.807,
all,usa,pennsylvania,resPvUtilityAvg,capaConvUp,5032.762,
all,usa,rhodeIsland,resPvUtilityAvg,capaConvUp,10.004,
all,usa,southCarolina,resPvUtilityAvg,capaConvUp,1574.24,
all,usa,southDakota,resPvUtilityAvg,capaConvUp,5347.253,
all,usa,tennessee,resPvUtilityAvg,capaConvUp,1295.592,
all,usa,texas,resPvUtilityAvg,capaConvUp,20565.295,
all,usa,utah,resPvUtilityAvg,capaConvUp,2404.318,
all,usa,vermont,resPvUtilityAvg,capaConvUp,36.545,
all,usa,virginia,resPvUtilityAvg,capaConvUp,1089.798,
all,usa,washington,resPvUtilityAvg,capaConvUp,1015.723,
all,usa,westVirginia,resPvUtilityAvg,capaConvUp,2763.435,
all,usa,wisconsin,resPvUtilityAvg,capaConvUp,3240.76,
all,usa,wyoming,resPvUtilityAvg,capaConvUp,2857.872,
all,usa,alabama,resPvRooftopResidential,capaConvUp,75.096,
all,usa,alaska,resPvRooftopResidential,capaConvUp,7.749,
all,usa,arizona,resPvRooftopResidential,capaConvUp,89.28,
all,usa,arkansas,resPvRooftopResidential,capaConvUp,40.639,
all,usa,california,resPvRooftopResidential,capaConvUp,455.45,
all,usa,colorado,resPvRooftopResidential,capaConvUp,70.78,
all,usa,connecticut,resPvRooftopResidential,capaConvUp,35.421,
all,usa,delaware,resPvRooftopResidential,capaConvUp,11.254,
all,usa,florida,resPvRooftopResidential,capaConvUp,296.439,
all,usa,georgia,resPvRooftopResidential,capaConvUp,147.644,
all,usa,idaho,resPvRooftopResidential,capaConvUp,19.347,
all,usa,illinois,resPvRooftopResidential,capaConvUp,157.871,
all,usa,indiana,resPvRooftopResidential,capaConvUp,89.137,
all,usa,iowa,resPvRooftopResidential,capaConvUp,43.145,
all,usa,kansas,resPvRooftopResidential,capaConvUp,41.23,
all,usa,kentucky,resPvRooftopResidential,capaConvUp,63.231,
all,usa,louisiana,resPvRooftopResidential,capaConvUp,71.042,
all,usa,maine,resPvRooftopResidential,capaConvUp,12.848,
all,usa,maryland,resPvRooftopResidential,capaConvUp,76.429,
all,usa,massachusetts,resPvRooftopResidential,capaConvUp,61.898,
all,usa,michigan,resPvRooftopResidential,capaConvUp,129.121,
all,usa,minnesota,resPvRooftopResidential,capaConvUp,74.917,
all,usa,mississippi,resPvRooftopResidential,capaConvUp,41.811,
all,usa,missouri,resPvRooftopResidential,capaConvUp,78.486,
all,usa,montana,resPvRooftopResidential,capaConvUp,11.261,
all,usa,nebraska,resPvRooftopResidential,capaConvUp,25.37,
all,usa,nevada,resPvRooftopResidential,capaConvUp,42.821,
all,usa,newHampshire,resPvRooftopResidential,capaConvUp,12.372,
all,usa,newJersey,resPvRooftopResidential,capaConvUp,82.149,
all,usa,newMexico,resPvRooftopResidential,capaConvUp,25.34,
all,usa,newYork,resPvRooftopResidential,capaConvUp,150.893,
all,usa,northCarolina,resPvRooftopResidential,capaConvUp,138.575,
all,usa,northDakota,resPvRooftopResidential,capaConvUp,9.732,
all,usa,ohio,resPvRooftopResidential,capaConvUp,164.848,
all,usa,oklahoma,resPvRooftopResidential,capaConvUp,56.022,
all,usa,oregon,resPvRooftopResidential,capaConvUp,47.054,
all,usa,pennsylvania,resPvRooftopResidential,capaConvUp,157.871,
all,usa,rhodeIsland,resPvRooftopResidential,capaConvUp,9.201,
all,usa,southCarolina,resPvRooftopResidential,capaConvUp,69.186,
all,usa,southDakota,resPvRooftopResidential,capaConvUp,10.092,
all,usa,tennessee,resPvRooftopResidential,capaConvUp,97.36,
all,usa,texas,resPvRooftopResidential,capaConvUp,361.539,
all,usa,utah,resPvRooftopResidential,capaConvUp,33.867,
all,usa,vermont,resPvRooftopResidential,capaConvUp,6.182,
all,usa,virginia,resPvRooftopResidential,capaConvUp,112.016,
all,usa,washington,resPvRooftopResidential,capaConvUp,80.962,
all,usa,westVirginia,resPvRooftopResidential,capaConvUp,40.639,
all,usa,wisconsin,resPvRooftopResidential,capaConvUp,73.571,
all,usa,wyoming,resPvRooftopResidential,capaConvUp,7.02,
all,usa,alabama,resPvRooftopCommercial,capaConvUp,75.096,
all,usa,alaska,resPvRooftopCommercial,capaConvUp,7.749,
all,usa,arizona,resPvRooftopCommercial,capaConvUp,89.28,
all,usa,arkansas,resPvRooftopCommercial,capaConvUp,40.639,
all,usa,california,resPvRooftopCommercial,capaConvUp,455.45,
all,usa,colorado,resPvRooftopCommercial,capaConvUp,70.78,
all,usa,connecticut,resPvRooftopCommercial,capaConvUp,35.421,
all,usa,delaware,resPvRooftopCommercial,capaConvUp,11.254,
all,usa,florida,resPvRooftopCommercial,capaConvUp,296.439,
all,usa,georgia,resPvRooftopCommercial,capaConvUp,147.644,
all,usa,idaho,resPvRooftopCommercial,capaConvUp,19.347,
all,usa,illinois,resPvRooftopCommercial,capaConvUp,157.871,
all,usa,indiana,resPvRooftopCommercial,capaConvUp,89.137,
all,usa,iowa,resPvRooftopCommercial,capaConvUp,43.145,
all,usa,kansas,resPvRooftopCommercial,capaConvUp,41.23,
all,usa,kentucky,resPvRooftopCommercial,capaConvUp,63.231,
all,usa,louisiana,resPvRooftopCommercial,capaConvUp,71.042,
all,usa,maine,resPvRooftopCommercial,capaConvUp,12.848,
all,usa,maryland,resPvRooftopCommercial,capaConvUp,76.429,
all,usa,massachusetts,resPvRooftopCommercial,capaConvUp,61.898,
all,usa,michigan,resPvRooftopCommercial,capaConvUp,129.121,
all,usa,minnesota,resPvRooftopCommercial,capaConvUp,74.917,
all,usa,mississippi,resPvRooftopCommercial,capaConvUp,41.811,
all,usa,missouri,resPvRooftopCommercial,capaConvUp,78.486,
all,usa,montana,resPvRooftopCommercial,capaConvUp,11.261,
all,usa,nebraska,resPvRooftopCommercial,capaConvUp,25.37,
all,usa,nevada,resPvRooftopCommercial,capaConvUp,42.821,
all,usa,newHampshire,resPvRooftopCommercial,capaConvUp,12.372,
all,usa,newJersey,resPvRooftopCommercial,capaConvUp,82.149,
all,usa,newMexico,resPvRooftopCommercial,capaConvUp,25.34,
all,usa,newYork,resPvRooftopCommercial,capaConvUp,150.893,
all,usa,northCarolina,resPvRooftopCommercial,capaConvUp,138.575,
all,usa,northDakota,resPvRooftopCommercial,capaConvUp,9.732,
all,usa,ohio,resPvRooftopCommercial,capaConvUp,164.848,
all,usa,oklahoma,resPvRooftopCommercial,capaConvUp,56.022,
all,usa,oregon,resPvRooftopCommercial,capaConvUp,47.054,
all,usa,pennsylvania,resPvRooftopCommercial,capaConvUp,157.871,
all,usa,rhodeIsland,resPvRooftopCommercial,capaConvUp,9.201,
all,usa,southCarolina,resPvRooftopCommercial,capaConvUp,69.186,
all,usa,southDakota,resPvRooftopCommercial,capaConvUp,10.092,
all,usa,tennessee,resPvRooftopCommercial,capaConvUp,97.36,
all,usa,texas,resPvRooftopCommercial,capaConvUp,361.539,
all,usa,utah,resPvRooftopCommercial,capaConvUp,33.867,
all,usa,vermont,resPvRooftopCommercial,capaConvUp,6.182,
all,usa,virginia,resPvRooftopCommercial,capaConvUp,112.016,
all,usa,washington,resPvRooftopCommercial,capaConvUp,80.962,
all,usa,westVirginia,resPvRooftopCommercial,capaConvUp,40.639,
all,usa,wisconsin,resPvRooftopCommercial,capaConvUp,73.571,
all,usa,wyoming,resPvRooftopCommercial,capaConvUp,7.02,
all,usa,alabama,resOcean,capaConvUp,0.509,
all,usa,alaska,resOcean,capaConvUp,0.509,
all,usa,arizona,resOcean,capaConvUp,0.509,
all,usa,arkansas,resOcean,capaConvUp,0.509,
all,usa,california,resOcean,capaConvUp,0.509,
all,usa,colorado,resOcean,capaConvUp,0.509,
all,usa,connecticut,resOcean,capaConvUp,0.509,
all,usa,delaware,resOcean,capaConvUp,0.509,
all,usa,florida,resOcean,capaConvUp,0.509,
all,usa,georgia,resOcean,capaConvUp,0.509,
all,usa,idaho,resOcean,capaConvUp,0.509,
all,usa,illinois,resOcean,capaConvUp,0.509,
all,usa,indiana,resOcean,capaConvUp,0.509,
all,usa,iowa,resOcean,capaConvUp,0.509,
all,usa,kansas,resOcean,capaConvUp,0.509,
all,usa,kentucky,resOcean,capaConvUp,0.509,
all,usa,louisiana,resOcean,capaConvUp,0.509,
all,usa,maine,resOcean,capaConvUp,0.509,
all,usa,maryland,resOcean,capaConvUp,0.509,
all,usa,massachusetts,resOcean,capaConvUp,0.509,
all,usa,michigan,resOcean,capaConvUp,0.509,
all,usa,minnesota,resOcean,capaConvUp,0.509,
all,usa,mississippi,resOcean,capaConvUp,0.509,
all,usa,missouri,resOcean,capaConvUp,0.509,
all,usa,montana,resOcean,capaConvUp,0.509,
all,usa,nebraska,resOcean,capaConvUp,0.509,
all,usa,nevada,resOcean,capaConvUp,0.509,
all,usa,newHampshire,resOcean,capaConvUp,0.509,
all,usa,newJersey,resOcean,capaConvUp,0.509,
all,usa,newMexico,resOcean,capaConvUp,0.509,
all,usa,newYork,resOcean,capaConvUp,0.509,
all,usa,northCarolina,resOcean,capaConvUp,0.509,
all,usa,northDakota,resOcean,capaConvUp,0.509,
all,usa,ohio,resOcean,capaConvUp,0.509,
all,usa,oklahoma,resOcean,capaConvUp,0.509,
all,usa,oregon,resOcean,capaConvUp,0.509,
all,usa,pennsylvania,resOcean,capaConvUp,0.509,
all,usa,rhodeIsland,resOcean,capaConvUp,0.509,
all,usa,southCarolina,resOcean,capaConvUp,0.509,
all,usa,southDakota,resOcean,capaConvUp,0.509,
all,usa,tennessee,resOcean,capaConvUp,0.509,
all,usa,texas,resOcean,capaConvUp,0.509,
all,usa,utah,resOcean,capaConvUp,0.509,
all,usa,vermont,resOcean,capaConvUp,0.509,
all,usa,virginia,resOcean,capaConvUp,0.509,
all,usa,washington,resOcean,capaConvUp,0.509,
all,usa,westVirginia,resOcean,capaConvUp,0.509,
all,usa,wisconsin,resOcean,capaConvUp,0.509,
all,usa,wyoming,resOcean,capaConvUp,0.509,
all,usa,alabama,dPhs,capaStInUp,0.281,
all,usa,alaska,dPhs,capaStInUp,1.622,
all,usa,arizona,dPhs,capaStInUp,0.089,
all,usa,arkansas,dPhs,capaStInUp,0.417,
all,usa,california,dPhs,capaStInUp,2.056,
all,usa,colorado,dPhs,capaStInUp,0.534,
all,usa,connecticut,dPhs,capaStInUp,0.063,
all,usa,delaware,dPhs,capaStInUp,0.002,
all,usa,florida,dPhs,capaStInUp,0.047,
all,usa,georgia,dPhs,capaStInUp,0.136,
all,usa,idaho,dPhs,capaStInUp,1.285,
all,usa,illinois,dPhs,capaStInUp,0.334,
all,usa,indiana,dPhs,capaStInUp,0.164,
all,usa,iowa,dPhs,capaStInUp,0.193,
all,usa,kansas,dPhs,capaStInUp,0.172,
all,usa,kentucky,dPhs,capaStInUp,0.291,
all,usa,louisiana,dPhs,capaStInUp,0.166,
all,usa,maine,dPhs,capaStInUp,0.268,
all,usa,maryland,dPhs,capaStInUp,0.056,
all,usa,massachusetts,dPhs,capaStInUp,0.082,
all,usa,michigan,dPhs,capaStInUp,0.081,
all,usa,minnesota,dPhs,capaStInUp,0.086,
all,usa,mississippi,dPhs,capaStInUp,0.151,
all,usa,missouri,dPhs,capaStInUp,0.493,
all,usa,montana,dPhs,capaStInUp,0.996,
all,usa,nebraska,dPhs,capaStInUp,0.215,
all,usa,nevada,dPhs,capaStInUp,0.058,
all,usa,newHampshire,dPhs,capaStInUp,0.119,
all,usa,newJersey,dPhs,capaStInUp,0.038,
all,usa,newMexico,dPhs,capaStInUp,0.093,
all,usa,newYork,dPhs,capaStInUp,0.46,
all,usa,northCarolina,dPhs,capaStInUp,0.208,
all,usa,northDakota,dPhs,capaStInUp,0.024,
all,usa,ohio,dPhs,capaStInUp,0.209,
all,usa,oklahoma,dPhs,capaStInUp,0.207,
all,usa,oregon,dPhs,capaStInUp,1.246,
all,usa,pennsylvania,dPhs,capaStInUp,0.334,
all,usa,rhodeIsland,dPhs,capaStInUp,0.004,
all,usa,southCarolina,dPhs,capaStInUp,0.129,
all,usa,southDakota,dPhs,capaStInUp,0.072,
all,usa,tennessee,dPhs,capaStInUp,0.393,
all,usa,texas,dPhs,capaStInUp,0.206,
all,usa,utah,dPhs,capaStInUp,0.242,
all,usa,vermont,dPhs,capaStInUp,0.117,
all,usa,virginia,dPhs,capaStInUp,0.25,
all,usa,westVirginia,dPhs,capaStInUp,0.417,
all,usa,wisconsin,dPhs,capaStInUp,0.437,
all,usa,wyoming,dPhs,capaStInUp,0.387,
all,usa,alabama,resGeothermal,capaConvUp,67.921,
all,usa,alaska,resGeothermal,capaConvUp,1.958,
all,usa,arizona,resGeothermal,capaConvUp,158.229,
all,usa,arkansas,resGeothermal,capaConvUp,79.734,
all,usa,california,resGeothermal,capaConvUp,187.1,
all,usa,colorado,resGeothermal,capaConvUp,159.895,
all,usa,connecticut,resGeothermal,capaConvUp,7.113,
all,usa,delaware,resGeothermal,capaConvUp,2.894,
all,usa,florida,resGeothermal,capaConvUp,47.458,
all,usa,georgia,resGeothermal,capaConvUp,44.8,
all,usa,idaho,resGeothermal,capaConvUp,128.166,
all,usa,illinois,resGeothermal,capaConvUp,85.75,
all,usa,indiana,resGeothermal,capaConvUp,55.081,
all,usa,iowa,resGeothermal,capaConvUp,76.914,
all,usa,kansas,resGeothermal,capaConvUp,125.53,
all,usa,kentucky,resGeothermal,capaConvUp,61.474,
all,usa,louisiana,resGeothermal,capaConvUp,61.425,
all,usa,maine,resGeothermal,capaConvUp,47.828,
all,usa,maryland,resGeothermal,capaConvUp,10.99,
all,usa,massachusetts,resGeothermal,capaConvUp,11.698,
all,usa,michigan,resGeothermal,capaConvUp,58.073,
all,usa,minnesota,resGeothermal,capaConvUp,46.903,
all,usa,mississippi,resGeothermal,capaConvUp,70.91,
all,usa,missouri,resGeothermal,capaConvUp,105.967,
all,usa,montana,resGeothermal,capaConvUp,209.773,
all,usa,nebraska,resGeothermal,capaConvUp,117.706,
all,usa,nevada,resGeothermal,capaConvUp,165.842,
all,usa,newHampshire,resGeothermal,capaConvUp,13.231,
all,usa,newJersey,resGeothermal,capaConvUp,4.469,
all,usa,newMexico,resGeothermal,capaConvUp,181.496,
all,usa,newYork,resGeothermal,capaConvUp,47.615,
all,usa,northCarolina,resGeothermal,capaConvUp,53.366,
all,usa,northDakota,resGeothermal,capaConvUp,104.037,
all,usa,ohio,resGeothermal,capaConvUp,62.902,
all,usa,oklahoma,resGeothermal,capaConvUp,98.892,
all,usa,oregon,resGeothermal,capaConvUp,118.253,
all,usa,pennsylvania,resGeothermal,capaConvUp,85.75,
all,usa,rhodeIsland,resGeothermal,capaConvUp,1.458,
all,usa,southCarolina,resGeothermal,capaConvUp,46.183,
all,usa,southDakota,resGeothermal,capaConvUp,116.942,
all,usa,tennessee,resGeothermal,capaConvUp,54.335,
all,usa,texas,resGeothermal,capaConvUp,384.355,
all,usa,utah,resGeothermal,capaConvUp,120.797,
all,usa,vermont,resGeothermal,capaConvUp,4.518,
all,usa,virginia,resGeothermal,capaConvUp,36.877,
all,usa,washington,resGeothermal,capaConvUp,71.736,
all,usa,westVirginia,resGeothermal,capaConvUp,79.734,
all,usa,wisconsin,resGeothermal,capaConvUp,82.087,
all,usa,wyoming,resGeothermal,capaConvUp,135.902,
all,usa,alabama,hltPvRooftopResidential,capaConvUp,75.096,
all,usa,alaska,hltPvRooftopResidential,capaConvUp,7.749,
all,usa,arizona,hltPvRooftopResidential,capaConvUp,89.28,
all,usa,arkansas,hltPvRooftopResidential,capaConvUp,40.639,
all,usa,california,hltPvRooftopResidential,capaConvUp,455.45,
all,usa,colorado,hltPvRooftopResidential,capaConvUp,70.78,
all,usa,connecticut,hltPvRooftopResidential,capaConvUp,35.421,
all,usa,delaware,hltPvRooftopResidential,capaConvUp,11.254,
all,usa,florida,hltPvRooftopResidential,capaConvUp,296.439,
all,usa,georgia,hltPvRooftopResidential,capaConvUp,147.644,
all,usa,idaho,hltPvRooftopResidential,capaConvUp,19.347,
all,usa,illinois,hltPvRooftopResidential,capaConvUp,157.871,
all,usa,indiana,hltPvRooftopResidential,capaConvUp,89.137,
all,usa,iowa,hltPvRooftopResidential,capaConvUp,43.145,
all,usa,kansas,hltPvRooftopResidential,capaConvUp,41.23,
all,usa,kentucky,hltPvRooftopResidential,capaConvUp,63.231,
all,usa,louisiana,hltPvRooftopResidential,capaConvUp,71.042,
all,usa,maine,hltPvRooftopResidential,capaConvUp,12.848,
all,usa,maryland,hltPvRooftopResidential,capaConvUp,76.429,
all,usa,massachusetts,hltPvRooftopResidential,capaConvUp,61.898,
all,usa,michigan,hltPvRooftopResidential,capaConvUp,129.121,
all,usa,minnesota,hltPvRooftopResidential,capaConvUp,74.917,
all,usa,mississippi,hltPvRooftopResidential,capaConvUp,41.811,
all,usa,missouri,hltPvRooftopResidential,capaConvUp,78.486,
all,usa,montana,hltPvRooftopResidential,capaConvUp,11.261,
all,usa,nebraska,hltPvRooftopResidential,capaConvUp,25.37,
all,usa,nevada,hltPvRooftopResidential,capaConvUp,42.821,
all,usa,newHampshire,hltPvRooftopResidential,capaConvUp,12.372,
all,usa,newJersey,hltPvRooftopResidential,capaConvUp,82.149,
all,usa,newMexico,hltPvRooftopResidential,capaConvUp,25.34,
all,usa,newYork,hltPvRooftopResidential,capaConvUp,150.893,
all,usa,northCarolina,hltPvRooftopResidential,capaConvUp,138.575,
all,usa,northDakota,hltPvRooftopResidential,capaConvUp,9.732,
all,usa,ohio,hltPvRooftopResidential,capaConvUp,164.848,
all,usa,oklahoma,hltPvRooftopResidential,capaConvUp,56.022,
all,usa,oregon,hltPvRooftopResidential,capaConvUp,47.054,
all,usa,pennsylvania,hltPvRooftopResidential,capaConvUp,157.871,
all,usa,rhodeIsland,hltPvRooftopResidential,capaConvUp,9.201,
all,usa,southCarolina,hltPvRooftopResidential,capaConvUp,69.186,
all,usa,southDakota,hltPvRooftopResidential,capaConvUp,10.092,
all,usa,tennessee,hltPvRooftopResidential,capaConvUp,97.36,
all,usa,texas,hltPvRooftopResidential,capaConvUp,361.539,
all,usa,utah,hltPvRooftopResidential,capaConvUp,33.867,
all,usa,vermont,hltPvRooftopResidential,capaConvUp,6.182,
all,usa,virginia,hltPvRooftopResidential,capaConvUp,112.016,
all,usa,washington,hltPvRooftopResidential,capaConvUp,80.962,
all,usa,westVirginia,hltPvRooftopResidential,capaConvUp,40.639,
all,usa,wisconsin,hltPvRooftopResidential,capaConvUp,73.571,
all,usa,wyoming,hltPvRooftopResidential,capaConvUp,7.02,
all,usa,alabama,hltPvRooftopCommercial,capaConvUp,75.096,
all,usa,alaska,hltPvRooftopCommercial,capaConvUp,7.749,
all,usa,arizona,hltPvRooftopCommercial,capaConvUp,89.28,
all,usa,arkansas,hltPvRooftopCommercial,capaConvUp,40.639,
all,usa,california,hltPvRooftopCommercial,capaConvUp,455.45,
all,usa,colorado,hltPvRooftopCommercial,capaConvUp,70.78,
all,usa,connecticut,hltPvRooftopCommercial,capaConvUp,35.421,
all,usa,delaware,hltPvRooftopCommercial,capaConvUp,11.254,
all,usa,florida,hltPvRooftopCommercial,capaConvUp,296.439,
all,usa,georgia,hltPvRooftopCommercial,capaConvUp,147.644,
all,usa,idaho,hltPvRooftopCommercial,capaConvUp,19.347,
all,usa,illinois,hltPvRooftopCommercial,capaConvUp,157.871,
all,usa,indiana,hltPvRooftopCommercial,capaConvUp,89.137,
all,usa,iowa,hltPvRooftopCommercial,capaConvUp,43.145,
all,usa,kansas,hltPvRooftopCommercial,capaConvUp,41.23,
all,usa,kentucky,hltPvRooftopCommercial,capaConvUp,63.231,
all,usa,louisiana,hltPvRooftopCommercial,capaConvUp,71.042,
all,usa,maine,hltPvRooftopCommercial,capaConvUp,12.848,
all,usa,maryland,hltPvRooftopCommercial,capaConvUp,76.429,
all,usa,massachusetts,hltPvRooftopCommercial,capaConvUp,61.898,
all,usa,michigan,hltPvRooftopCommercial,capaConvUp,129.121,
all,usa,minnesota,hltPvRooftopCommercial,capaConvUp,74.917,
all,usa,mississippi,hltPvRooftopCommercial,capaConvUp,41.811,
all,usa,missouri,hltPvRooftopCommercial,capaConvUp,78.486,
all,usa,montana,hltPvRooftopCommercial,capaConvUp,11.261,
all,usa,nebraska,hltPvRooftopCommercial,capaConvUp,25.37,
all,usa,nevada,hltPvRooftopCommercial,capaConvUp,42.821,
all,usa,newHampshire,hltPvRooftopCommercial,capaConvUp,12.372,
all,usa,newJersey,hltPvRooftopCommercial,capaConvUp,82.149,
all,usa,newMexico,hltPvRooftopCommercial,capaConvUp,25.34,
all,usa,newYork,hltPvRooftopCommercial,capaConvUp,150.893,
all,usa,northCarolina,hltPvRooftopCommercial,capaConvUp,138.575,
all,usa,northDakota,hltPvRooftopCommercial,capaConvUp,9.732,
all,usa,ohio,hltPvRooftopCommercial,capaConvUp,164.848,
all,usa,oklahoma,hltPvRooftopCommercial,capaConvUp,56.022,
all,usa,oregon,hltPvRooftopCommercial,capaConvUp,47.054,
all,usa,pennsylvania,hltPvRooftopCommercial,capaConvUp,157.871,
all,usa,rhodeIsland,hltPvRooftopCommercial,capaConvUp,9.201,
all,usa,southCarolina,hltPvRooftopCommercial,capaConvUp,69.186,
all,usa,southDakota,hltPvRooftopCommercial,capaConvUp,10.092,
all,usa,tennessee,hltPvRooftopCommercial,capaConvUp,97.36,
all,usa,texas,hltPvRooftopCommercial,capaConvUp,361.539,
all,usa,utah,hltPvRooftopCommercial,capaConvUp,33.867,
all,usa,vermont,hltPvRooftopCommercial,capaConvUp,6.182,
all,usa,virginia,hltPvRooftopCommercial,capaConvUp,112.016,
all,usa,washington,hltPvRooftopCommercial,capaConvUp,80.962,
all,usa,westVirginia,hltPvRooftopCommercial,capaConvUp,40.639,
all,usa,wisconsin,hltPvRooftopCommercial,capaConvUp,73.571,
all,usa,wyoming,hltPvRooftopCommercial,capaConvUp,7.02,
all,canada,canada_,resWindOnshoreAvg,capaConvUp,200,
all,canada,canada_,resWindOffshoreTransitional,capaConvUp,0,
all,canada,canada_,resWindOffshoreShallow,capaConvUp,200,
all,canada,canada_,resWindOffshoreDeep,capaConvUp,0,
all,canada,canada_,resPvUtilityAvg,capaConvUp,70,
all,canada,canada_,resPvRooftopResidential,capaConvUp,150.893,
all,canada,canada_,resPvRooftopCommercial,capaConvUp,150.893,
all,canada,canada_,resOcean,capaConvUp,10,
all,canada,canada_,dPhs,capaStInUp,4.5,
all,canada,canada_,resGeothermal,capaConvUp,47.615,
all,canada,canada_,hltPvRooftopCommercial,capaConvUp,150.893,
all,canada,canada_,hltPvRooftopResidential,capaConvUp,150.893,
all,mexico,bajaCalifornia,resHydroLarge,capaConvUp,0.58275,
all,mexico,bajaCaliforniaSur,resHydroLarge,capaConvUp,0.58275,
all,mexico,central,resHydroLarge,capaConvUp,1.2138,
all,mexico,noreste,resHydroLarge,capaConvUp,8.62365,
all,mexico,noroeste,resHydroLarge,capaConvUp,3.31905,
all,mexico,norte,resHydroLarge,capaConvUp,1.22745,
all,mexico,occidental,resHydroLarge,capaConvUp,24.3726,
all,mexico,oriental,resHydroLarge,capaConvUp,27.32415,
all,mexico,peninsular,resHydroLarge,capaConvUp,0,
all,canada,canada_,resHydroLarge,capaConvUp,278,
all,usa,alabama,resHydroLarge,capaConvUp,11.06385,
all,usa,alaska,resHydroLarge,capaConvUp,5.67525,
all,usa,arizona,resHydroLarge,capaConvUp,9.70725,
all,usa,arkansas,resHydroLarge,capaConvUp,4.4961,
all,usa,california,resHydroLarge,capaConvUp,45.9816,
all,usa,colorado,resHydroLarge,capaConvUp,3.89865,
all,usa,connecticut,resHydroLarge,capaConvUp,0.49875,
all,usa,delaware,resHydroLarge,capaConvUp,0.00735,
all,usa,florida,resHydroLarge,capaConvUp,0.18585,
all,usa,georgia,resHydroLarge,capaConvUp,11.99835,
all,usa,idaho,resHydroLarge,capaConvUp,8.4714,
all,usa,illinois,resHydroLarge,capaConvUp,1.17075,
all,usa,indiana,resHydroLarge,capaConvUp,0.57435,
all,usa,iowa,resHydroLarge,capaConvUp,0.67515,
all,usa,kansas,resHydroLarge,capaConvUp,0.60165,
all,usa,kentucky,resHydroLarge,capaConvUp,2.68065,
all,usa,louisiana,resHydroLarge,capaConvUp,0.6405,
all,usa,maine,resHydroLarge,capaConvUp,2.3898,
all,usa,maryland,resHydroLarge,capaConvUp,1.83645,
all,usa,massachusetts,resHydroLarge,capaConvUp,6.03015,
all,usa,michigan,resHydroLarge,capaConvUp,7.8162,
all,usa,minnesota,resHydroLarge,capaConvUp,0.71715,
all,usa,mississippi,resHydroLarge,capaConvUp,0.53025,
all,usa,missouri,resHydroLarge,capaConvUp,3.6876,
all,usa,montana,resHydroLarge,capaConvUp,8.75805,
all,usa,nebraska,resHydroLarge,capaConvUp,1.10775,
all,usa,nevada,resHydroLarge,capaConvUp,3.507,
all,usa,newHampshire,resHydroLarge,capaConvUp,1.41645,
all,usa,newJersey,resHydroLarge,capaConvUp,1.55925,
all,usa,newMexico,resHydroLarge,capaConvUp,0.32655,
all,usa,newYork,resHydroLarge,capaConvUp,19.70535,
all,usa,northCarolina,resHydroLarge,capaConvUp,6.61815,
all,usa,northDakota,resHydroLarge,capaConvUp,2.04645,
all,usa,ohio,resHydroLarge,capaConvUp,0.72975,
all,usa,oklahoma,resHydroLarge,capaConvUp,3.5805,
all,usa,oregon,resHydroLarge,capaConvUp,28.17045,
all,usa,pennsylvania,resHydroLarge,capaConvUp,8.20155,
all,usa,rhodeIsland,resHydroLarge,capaConvUp,0.0147,
all,usa,southCarolina,resHydroLarge,capaConvUp,13.15125,
all,usa,southDakota,resHydroLarge,capaConvUp,5.3403,
all,usa,tennessee,resHydroLarge,capaConvUp,14.04375,
all,usa,texas,resHydroLarge,capaConvUp,2.35725,
all,usa,utah,resHydroLarge,capaConvUp,0.8736,
all,usa,vermont,resHydroLarge,capaConvUp,1.0836,
all,usa,virginia,resHydroLarge,capaConvUp,13.1061,
all,usa,washington,resHydroLarge,capaConvUp,69,
all,usa,westVirginia,resHydroLarge,capaConvUp,4.4961,
all,usa,wisconsin,resHydroLarge,capaConvUp,1.75665,
all,usa,wyoming,resHydroLarge,capaConvUp,1.35345,
