region_1,region_2,technology_1,technology_2,timestep_3,parameter,value
mexico,bajaCalifornia,res,solar,q1n,avaConv,0
mexico,bajaCalifornia,res,solar,q1m,avaConv,0.073625926
mexico,bajaCalifornia,res,solar,q1p,avaConv,0.583268056
mexico,bajaCalifornia,res,solar,q1a,avaConv,0.058933518
mexico,bajaCalifornia,res,solar,q2n,avaConv,0
mexico,bajaCalifornia,res,solar,q2m,avaConv,0.055274074
mexico,bajaCalifornia,res,solar,q2p,avaConv,0.614668056
mexico,bajaCalifornia,res,solar,q2a,avaConv,0.175816667
mexico,bajaCalifornia,res,solar,q3n,avaConv,0
mexico,bajaCalifornia,res,solar,q3m,avaConv,0.048201465
mexico,bajaCalifornia,res,solar,q3p,avaConv,0.562733516
mexico,bajaCalifornia,res,solar,q3a,avaConv,0.150131868
mexico,bajaCalifornia,res,solar,q4n,avaConv,0
mexico,bajaCalifornia,res,solar,q4m,avaConv,0.16240293
mexico,bajaCalifornia,res,solar,q4p,avaConv,0.533729023
mexico,bajaCalifornia,res,solar,q4a,avaConv,0.020630037
mexico,bajaCaliforniaSur,res,solar,q1n,avaConv,0
mexico,bajaCaliforniaSur,res,solar,q1m,avaConv,0.03462963
mexico,bajaCaliforniaSur,res,solar,q1p,avaConv,0.612251389
mexico,bajaCaliforniaSur,res,solar,q1a,avaConv,0.106911111
mexico,bajaCaliforniaSur,res,solar,q2n,avaConv,0
mexico,bajaCaliforniaSur,res,solar,q2m,avaConv,0.008951852
mexico,bajaCaliforniaSur,res,solar,q2p,avaConv,0.556872222
mexico,bajaCaliforniaSur,res,solar,q2a,avaConv,0.266545706
mexico,bajaCaliforniaSur,res,solar,q3n,avaConv,0
mexico,bajaCaliforniaSur,res,solar,q3m,avaConv,0.004871795
mexico,bajaCaliforniaSur,res,solar,q3p,avaConv,0.509248626
mexico,bajaCaliforniaSur,res,solar,q3a,avaConv,0.238598901
mexico,bajaCaliforniaSur,res,solar,q4n,avaConv,0
mexico,bajaCaliforniaSur,res,solar,q4m,avaConv,0.073003663
mexico,bajaCaliforniaSur,res,solar,q4p,avaConv,0.530017857
mexico,bajaCaliforniaSur,res,solar,q4a,avaConv,0.059764706
mexico,central,res,solar,q1n,avaConv,0
mexico,central,res,solar,q1m,avaConv,0.032885185
mexico,central,res,solar,q1p,avaConv,0.590841667
mexico,central,res,solar,q1a,avaConv,0.120261111
mexico,central,res,solar,q2n,avaConv,0
mexico,central,res,solar,q2m,avaConv,0.003044444
mexico,central,res,solar,q2p,avaConv,0.478606944
mexico,central,res,solar,q2a,avaConv,0.203634349
mexico,central,res,solar,q3n,avaConv,0
mexico,central,res,solar,q3m,avaConv,0.001619048
mexico,central,res,solar,q3p,avaConv,0.442149725
mexico,central,res,solar,q3a,avaConv,0.15646978
mexico,central,res,solar,q4n,avaConv,0
mexico,central,res,solar,q4m,avaConv,0.087135531
mexico,central,res,solar,q4p,avaConv,0.596482143
mexico,central,res,solar,q4a,avaConv,0.073018382
mexico,noreste,res,solar,q1n,avaConv,0
mexico,noreste,res,solar,q1m,avaConv,0.026648148
mexico,noreste,res,solar,q1p,avaConv,0.550625
mexico,noreste,res,solar,q1a,avaConv,0.099286111
mexico,noreste,res,solar,q2n,avaConv,0
mexico,noreste,res,solar,q2m,avaConv,0.007448148
mexico,noreste,res,solar,q2p,avaConv,0.471436111
mexico,noreste,res,solar,q2a,avaConv,0.218886427
mexico,noreste,res,solar,q3n,avaConv,0
mexico,noreste,res,solar,q3m,avaConv,0.00378022
mexico,noreste,res,solar,q3p,avaConv,0.440057692
mexico,noreste,res,solar,q3a,avaConv,0.205980769
mexico,noreste,res,solar,q4n,avaConv,0
mexico,noreste,res,solar,q4m,avaConv,0.067021978
mexico,noreste,res,solar,q4p,avaConv,0.509103022
mexico,noreste,res,solar,q4a,avaConv,0.053720588
mexico,noroeste,res,solar,q1n,avaConv,0
mexico,noroeste,res,solar,q1m,avaConv,0.054948148
mexico,noroeste,res,solar,q1p,avaConv,0.596147222
mexico,noroeste,res,solar,q1a,avaConv,0.080283333
mexico,noroeste,res,solar,q2n,avaConv,0
mexico,noroeste,res,solar,q2m,avaConv,0.08662963
mexico,noroeste,res,solar,q2p,avaConv,0.564226389
mexico,noroeste,res,solar,q2a,avaConv,0.111908333
mexico,noroeste,res,solar,q3n,avaConv,0
mexico,noroeste,res,solar,q3m,avaConv,0.066395604
mexico,noroeste,res,solar,q3p,avaConv,0.481898352
mexico,noroeste,res,solar,q3a,avaConv,0.09025
mexico,noroeste,res,solar,q4n,avaConv,0
mexico,noroeste,res,solar,q4m,avaConv,0.137952381
mexico,noroeste,res,solar,q4p,avaConv,0.518024725
mexico,noroeste,res,solar,q4a,avaConv,0.011659341
mexico,norte,res,solar,q1n,avaConv,0
mexico,norte,res,solar,q1m,avaConv,0.088922222
mexico,norte,res,solar,q1p,avaConv,0.639944444
mexico,norte,res,solar,q1a,avaConv,0.060269444
mexico,norte,res,solar,q2n,avaConv,0
mexico,norte,res,solar,q2m,avaConv,0.033455556
mexico,norte,res,solar,q2p,avaConv,0.56425
mexico,norte,res,solar,q2a,avaConv,0.187903047
mexico,norte,res,solar,q3n,avaConv,0
mexico,norte,res,solar,q3m,avaConv,0.023505495
mexico,norte,res,solar,q3p,avaConv,0.457120879
mexico,norte,res,solar,q3a,avaConv,0.134164835
mexico,norte,res,solar,q4n,avaConv,0
mexico,norte,res,solar,q4m,avaConv,0.141271062
mexico,norte,res,solar,q4p,avaConv,0.540317308
mexico,norte,res,solar,q4a,avaConv,0.024786765
mexico,occidental,res,solar,q1n,avaConv,0
mexico,occidental,res,solar,q1m,avaConv,0.023785185
mexico,occidental,res,solar,q1p,avaConv,0.602522222
mexico,occidental,res,solar,q1a,avaConv,0.138758333
mexico,occidental,res,solar,q2n,avaConv,0
mexico,occidental,res,solar,q2m,avaConv,0.001748148
mexico,occidental,res,solar,q2p,avaConv,0.488673611
mexico,occidental,res,solar,q2a,avaConv,0.239855956
mexico,occidental,res,solar,q3n,avaConv,0
mexico,occidental,res,solar,q3m,avaConv,0.000776557
mexico,occidental,res,solar,q3p,avaConv,0.470244505
mexico,occidental,res,solar,q3a,avaConv,0.21507967
mexico,occidental,res,solar,q4n,avaConv,0
mexico,occidental,res,solar,q4m,avaConv,0.060666667
mexico,occidental,res,solar,q4p,avaConv,0.578416209
mexico,occidental,res,solar,q4a,avaConv,0.084055147
mexico,oriental,res,solar,q1n,avaConv,0
mexico,oriental,res,solar,q1m,avaConv,0.043507407
mexico,oriental,res,solar,q1p,avaConv,0.506208333
mexico,oriental,res,solar,q1a,avaConv,0.065175
mexico,oriental,res,solar,q2n,avaConv,0
mexico,oriental,res,solar,q2m,avaConv,0.011237037
mexico,oriental,res,solar,q2p,avaConv,0.4283625
mexico,oriental,res,solar,q2a,avaConv,0.155495845
mexico,oriental,res,solar,q3n,avaConv,0
mexico,oriental,res,solar,q3m,avaConv,0.005838828
mexico,oriental,res,solar,q3p,avaConv,0.347462912
mexico,oriental,res,solar,q3a,avaConv,0.121230769
mexico,oriental,res,solar,q4n,avaConv,0
mexico,oriental,res,solar,q4m,avaConv,0.111589744
mexico,oriental,res,solar,q4p,avaConv,0.527535714
mexico,oriental,res,solar,q4a,avaConv,0.037680147
mexico,peninsular,res,solar,q1n,avaConv,0
mexico,peninsular,res,solar,q1m,avaConv,0.07887037
mexico,peninsular,res,solar,q1p,avaConv,0.536177778
mexico,peninsular,res,solar,q1a,avaConv,0.039458333
mexico,peninsular,res,solar,q2n,avaConv,0
mexico,peninsular,res,solar,q2m,avaConv,0.026344444
mexico,peninsular,res,solar,q2p,avaConv,0.475120833
mexico,peninsular,res,solar,q2a,avaConv,0.130083102
mexico,peninsular,res,solar,q3n,avaConv,0
mexico,peninsular,res,solar,q3m,avaConv,0.018369963
mexico,peninsular,res,solar,q3p,avaConv,0.390468407
mexico,peninsular,res,solar,q3a,avaConv,0.104239011
mexico,peninsular,res,solar,q4n,avaConv,0
mexico,peninsular,res,solar,q4m,avaConv,0.17840293
mexico,peninsular,res,solar,q4p,avaConv,0.547067308
mexico,peninsular,res,solar,q4a,avaConv,0.020672794
mexico,bajaCalifornia,res,wind,q1n,avaConv,0.21589864
mexico,bajaCalifornia,res,wind,q1m,avaConv,0.22722963
mexico,bajaCalifornia,res,wind,q1p,avaConv,0.247930556
mexico,bajaCalifornia,res,wind,q1a,avaConv,0.218958449
mexico,bajaCalifornia,res,wind,q2n,avaConv,0.24877037
mexico,bajaCalifornia,res,wind,q2m,avaConv,0.179592593
mexico,bajaCalifornia,res,wind,q2p,avaConv,0.207940278
mexico,bajaCalifornia,res,wind,q2a,avaConv,0.281766667
mexico,bajaCalifornia,res,wind,q3n,avaConv,0.177346764
mexico,bajaCalifornia,res,wind,q3m,avaConv,0.137611722
mexico,bajaCalifornia,res,wind,q3p,avaConv,0.129157967
mexico,bajaCalifornia,res,wind,q3a,avaConv,0.171736264
mexico,bajaCalifornia,res,wind,q4n,avaConv,0.203571899
mexico,bajaCalifornia,res,wind,q4m,avaConv,0.201223443
mexico,bajaCalifornia,res,wind,q4p,avaConv,0.235152682
mexico,bajaCalifornia,res,wind,q4a,avaConv,0.181948718
mexico,bajaCaliforniaSur,res,wind,q1n,avaConv,0.303604938
mexico,bajaCaliforniaSur,res,wind,q1m,avaConv,0.27602963
mexico,bajaCaliforniaSur,res,wind,q1p,avaConv,0.212225
mexico,bajaCaliforniaSur,res,wind,q1a,avaConv,0.356647222
mexico,bajaCaliforniaSur,res,wind,q2n,avaConv,0.289252163
mexico,bajaCaliforniaSur,res,wind,q2m,avaConv,0.176822222
mexico,bajaCaliforniaSur,res,wind,q2p,avaConv,0.144213889
mexico,bajaCaliforniaSur,res,wind,q2a,avaConv,0.327606648
mexico,bajaCaliforniaSur,res,wind,q3n,avaConv,0.163494505
mexico,bajaCaliforniaSur,res,wind,q3m,avaConv,0.078007326
mexico,bajaCaliforniaSur,res,wind,q3p,avaConv,0.05203022
mexico,bajaCaliforniaSur,res,wind,q3a,avaConv,0.155236264
mexico,bajaCaliforniaSur,res,wind,q4n,avaConv,0.186931943
mexico,bajaCaliforniaSur,res,wind,q4m,avaConv,0.161238095
mexico,bajaCaliforniaSur,res,wind,q4p,avaConv,0.123831044
mexico,bajaCaliforniaSur,res,wind,q4a,avaConv,0.236841912
mexico,central,res,wind,q1n,avaConv,0.08725679
mexico,central,res,wind,q1m,avaConv,0.07402963
mexico,central,res,wind,q1p,avaConv,0.168443056
mexico,central,res,wind,q1a,avaConv,0.152911111
mexico,central,res,wind,q2n,avaConv,0.051054388
mexico,central,res,wind,q2m,avaConv,0.025651852
mexico,central,res,wind,q2p,avaConv,0.058406944
mexico,central,res,wind,q2a,avaConv,0.092199446
mexico,central,res,wind,q3n,avaConv,0.053632479
mexico,central,res,wind,q3m,avaConv,0.03814652
mexico,central,res,wind,q3p,avaConv,0.043614011
mexico,central,res,wind,q3a,avaConv,0.047667582
mexico,central,res,wind,q4n,avaConv,0.092412733
mexico,central,res,wind,q4m,avaConv,0.069575092
mexico,central,res,wind,q4p,avaConv,0.100586538
mexico,central,res,wind,q4a,avaConv,0.109235294
mexico,noreste,res,wind,q1n,avaConv,0.396674074
mexico,noreste,res,wind,q1m,avaConv,0.354655556
mexico,noreste,res,wind,q1p,avaConv,0.327831944
mexico,noreste,res,wind,q1a,avaConv,0.470713889
mexico,noreste,res,wind,q2n,avaConv,0.388805933
mexico,noreste,res,wind,q2m,avaConv,0.300351852
mexico,noreste,res,wind,q2p,avaConv,0.329608333
mexico,noreste,res,wind,q2a,avaConv,0.441019391
mexico,noreste,res,wind,q3n,avaConv,0.382208791
mexico,noreste,res,wind,q3m,avaConv,0.232304029
mexico,noreste,res,wind,q3p,avaConv,0.371120879
mexico,noreste,res,wind,q3a,avaConv,0.556585165
mexico,noreste,res,wind,q4n,avaConv,0.281260154
mexico,noreste,res,wind,q4m,avaConv,0.2376337
mexico,noreste,res,wind,q4p,avaConv,0.274203297
mexico,noreste,res,wind,q4a,avaConv,0.335158088
mexico,noroeste,res,wind,q1n,avaConv,0.160046914
mexico,noroeste,res,wind,q1m,avaConv,0.134262963
mexico,noroeste,res,wind,q1p,avaConv,0.285254167
mexico,noroeste,res,wind,q1a,avaConv,0.257022222
mexico,noroeste,res,wind,q2n,avaConv,0.150229913
mexico,noroeste,res,wind,q2m,avaConv,0.100566667
mexico,noroeste,res,wind,q2p,avaConv,0.330095833
mexico,noroeste,res,wind,q2a,avaConv,0.403246537
mexico,noroeste,res,wind,q3n,avaConv,0.064796093
mexico,noroeste,res,wind,q3m,avaConv,0.064553114
mexico,noroeste,res,wind,q3p,avaConv,0.064603022
mexico,noroeste,res,wind,q3a,avaConv,0.046228022
mexico,noroeste,res,wind,q4n,avaConv,0.135589462
mexico,noroeste,res,wind,q4m,avaConv,0.115058608
mexico,noroeste,res,wind,q4p,avaConv,0.207519231
mexico,noroeste,res,wind,q4a,avaConv,0.149856618
mexico,norte,res,wind,q1n,avaConv,0.36932963
mexico,norte,res,wind,q1m,avaConv,0.213807407
mexico,norte,res,wind,q1p,avaConv,0.220654167
mexico,norte,res,wind,q1a,avaConv,0.346791667
mexico,norte,res,wind,q2n,avaConv,0.394140915
mexico,norte,res,wind,q2m,avaConv,0.168037037
mexico,norte,res,wind,q2p,avaConv,0.167811111
mexico,norte,res,wind,q2a,avaConv,0.295116343
mexico,norte,res,wind,q3n,avaConv,0.255550672
mexico,norte,res,wind,q3m,avaConv,0.08647619
mexico,norte,res,wind,q3p,avaConv,0.079649725
mexico,norte,res,wind,q3a,avaConv,0.141296703
mexico,norte,res,wind,q4n,avaConv,0.290055982
mexico,norte,res,wind,q4m,avaConv,0.151003663
mexico,norte,res,wind,q4p,avaConv,0.166148352
mexico,norte,res,wind,q4a,avaConv,0.272220588
mexico,occidental,res,wind,q1n,avaConv,0.310533333
mexico,occidental,res,wind,q1m,avaConv,0.185137037
mexico,occidental,res,wind,q1p,avaConv,0.256402778
mexico,occidental,res,wind,q1a,avaConv,0.355352778
mexico,occidental,res,wind,q2n,avaConv,0.2311644
mexico,occidental,res,wind,q2m,avaConv,0.102166667
mexico,occidental,res,wind,q2p,avaConv,0.131391667
mexico,occidental,res,wind,q2a,avaConv,0.243537396
mexico,occidental,res,wind,q3n,avaConv,0.260647131
mexico,occidental,res,wind,q3m,avaConv,0.17185348
mexico,occidental,res,wind,q3p,avaConv,0.214016484
mexico,occidental,res,wind,q3a,avaConv,0.285596154
mexico,occidental,res,wind,q4n,avaConv,0.31313831
mexico,occidental,res,wind,q4m,avaConv,0.211032967
mexico,occidental,res,wind,q4p,avaConv,0.27109478
mexico,occidental,res,wind,q4a,avaConv,0.368169118
mexico,oriental,res,wind,q1n,avaConv,0.556641975
mexico,oriental,res,wind,q1m,avaConv,0.557974074
mexico,oriental,res,wind,q1p,avaConv,0.622654167
mexico,oriental,res,wind,q1a,avaConv,0.630494444
mexico,oriental,res,wind,q2n,avaConv,0.284326329
mexico,oriental,res,wind,q2m,avaConv,0.267722222
mexico,oriental,res,wind,q2p,avaConv,0.317241667
mexico,oriental,res,wind,q2a,avaConv,0.340742382
mexico,oriental,res,wind,q3n,avaConv,0.239211233
mexico,oriental,res,wind,q3m,avaConv,0.218710623
mexico,oriental,res,wind,q3p,avaConv,0.227184066
mexico,oriental,res,wind,q3a,avaConv,0.239697802
mexico,oriental,res,wind,q4n,avaConv,0.613384193
mexico,oriental,res,wind,q4m,avaConv,0.597032967
mexico,oriental,res,wind,q4p,avaConv,0.705898352
mexico,oriental,res,wind,q4a,avaConv,0.664507353
mexico,peninsular,res,wind,q1n,avaConv,0.2057
mexico,peninsular,res,wind,q1m,avaConv,0.16712963
mexico,peninsular,res,wind,q1p,avaConv,0.218306944
mexico,peninsular,res,wind,q1a,avaConv,0.246194444
mexico,peninsular,res,wind,q2n,avaConv,0.214211372
mexico,peninsular,res,wind,q2m,avaConv,0.133211111
mexico,peninsular,res,wind,q2p,avaConv,0.150573611
mexico,peninsular,res,wind,q2a,avaConv,0.264631579
mexico,peninsular,res,wind,q3n,avaConv,0.106429792
mexico,peninsular,res,wind,q3m,avaConv,0.068058608
mexico,peninsular,res,wind,q3p,avaConv,0.084671703
mexico,peninsular,res,wind,q3a,avaConv,0.165417582
mexico,peninsular,res,wind,q4n,avaConv,0.138839737
mexico,peninsular,res,wind,q4m,avaConv,0.095772894
mexico,peninsular,res,wind,q4p,avaConv,0.153865385
mexico,peninsular,res,wind,q4a,avaConv,0.237213235
usa,alabama,res,wind,q1n,avaConv,0.310533333
usa,alabama,res,wind,q1m,avaConv,0.185137037
usa,alabama,res,wind,q1p,avaConv,0.256402778
usa,alabama,res,wind,q1a,avaConv,0.355352778
usa,alabama,res,wind,q2n,avaConv,0.2311644
usa,alabama,res,wind,q2m,avaConv,0.102166667
usa,alabama,res,wind,q2p,avaConv,0.131391667
usa,alabama,res,wind,q2a,avaConv,0.243537396
usa,alabama,res,wind,q3n,avaConv,0.260647131
usa,alabama,res,wind,q3m,avaConv,0.17185348
usa,alabama,res,wind,q3p,avaConv,0.214016484
usa,alabama,res,wind,q3a,avaConv,0.285596154
usa,alabama,res,wind,q4n,avaConv,0.31313831
usa,alabama,res,wind,q4m,avaConv,0.211032967
usa,alabama,res,wind,q4p,avaConv,0.27109478
usa,alabama,res,wind,q4a,avaConv,0.368169118
usa,california,res,wind,q1n,avaConv,0.310533333
usa,california,res,wind,q1m,avaConv,0.185137037
usa,california,res,wind,q1p,avaConv,0.256402778
usa,california,res,wind,q1a,avaConv,0.355352778
usa,california,res,wind,q2n,avaConv,0.2311644
usa,california,res,wind,q2m,avaConv,0.102166667
usa,california,res,wind,q2p,avaConv,0.131391667
usa,california,res,wind,q2a,avaConv,0.243537396
usa,california,res,wind,q3n,avaConv,0.260647131
usa,california,res,wind,q3m,avaConv,0.17185348
usa,california,res,wind,q3p,avaConv,0.214016484
usa,california,res,wind,q3a,avaConv,0.285596154
usa,california,res,wind,q4n,avaConv,0.31313831
usa,california,res,wind,q4m,avaConv,0.211032967
usa,california,res,wind,q4p,avaConv,0.27109478
usa,california,res,wind,q4a,avaConv,0.368169118
usa,washington,res,wind,q1n,avaConv,0.310533333
usa,washington,res,wind,q1m,avaConv,0.185137037
usa,washington,res,wind,q1p,avaConv,0.256402778
usa,washington,res,wind,q1a,avaConv,0.355352778
usa,washington,res,wind,q2n,avaConv,0.2311644
usa,washington,res,wind,q2m,avaConv,0.102166667
usa,washington,res,wind,q2p,avaConv,0.131391667
usa,washington,res,wind,q2a,avaConv,0.243537396
usa,washington,res,wind,q3n,avaConv,0.260647131
usa,washington,res,wind,q3m,avaConv,0.17185348
usa,washington,res,wind,q3p,avaConv,0.214016484
usa,washington,res,wind,q3a,avaConv,0.285596154
usa,washington,res,wind,q4n,avaConv,0.31313831
usa,washington,res,wind,q4m,avaConv,0.211032967
usa,washington,res,wind,q4p,avaConv,0.27109478
usa,washington,res,wind,q4a,avaConv,0.368169118
usa,oregon,res,wind,q1n,avaConv,0.310533333
usa,oregon,res,wind,q1m,avaConv,0.185137037
usa,oregon,res,wind,q1p,avaConv,0.256402778
usa,oregon,res,wind,q1a,avaConv,0.355352778
usa,oregon,res,wind,q2n,avaConv,0.2311644
usa,oregon,res,wind,q2m,avaConv,0.102166667
usa,oregon,res,wind,q2p,avaConv,0.131391667
usa,oregon,res,wind,q2a,avaConv,0.243537396
usa,oregon,res,wind,q3n,avaConv,0.260647131
usa,oregon,res,wind,q3m,avaConv,0.17185348
usa,oregon,res,wind,q3p,avaConv,0.214016484
usa,oregon,res,wind,q3a,avaConv,0.285596154
usa,oregon,res,wind,q4n,avaConv,0.31313831
usa,oregon,res,wind,q4m,avaConv,0.211032967
usa,oregon,res,wind,q4p,avaConv,0.27109478
usa,oregon,res,wind,q4a,avaConv,0.368169118
usa,idaho,res,wind,q1n,avaConv,0.310533333
usa,idaho,res,wind,q1m,avaConv,0.185137037
usa,idaho,res,wind,q1p,avaConv,0.256402778
usa,idaho,res,wind,q1a,avaConv,0.355352778
usa,idaho,res,wind,q2n,avaConv,0.2311644
usa,idaho,res,wind,q2m,avaConv,0.102166667
usa,idaho,res,wind,q2p,avaConv,0.131391667
usa,idaho,res,wind,q2a,avaConv,0.243537396
usa,idaho,res,wind,q3n,avaConv,0.260647131
usa,idaho,res,wind,q3m,avaConv,0.17185348
usa,idaho,res,wind,q3p,avaConv,0.214016484
usa,idaho,res,wind,q3a,avaConv,0.285596154
usa,idaho,res,wind,q4n,avaConv,0.31313831
usa,idaho,res,wind,q4m,avaConv,0.211032967
usa,idaho,res,wind,q4p,avaConv,0.27109478
usa,idaho,res,wind,q4a,avaConv,0.368169118
usa,montana,res,wind,q1n,avaConv,0.310533333
usa,montana,res,wind,q1m,avaConv,0.185137037
usa,montana,res,wind,q1p,avaConv,0.256402778
usa,montana,res,wind,q1a,avaConv,0.355352778
usa,montana,res,wind,q2n,avaConv,0.2311644
usa,montana,res,wind,q2m,avaConv,0.102166667
usa,montana,res,wind,q2p,avaConv,0.131391667
usa,montana,res,wind,q2a,avaConv,0.243537396
usa,montana,res,wind,q3n,avaConv,0.260647131
usa,montana,res,wind,q3m,avaConv,0.17185348
usa,montana,res,wind,q3p,avaConv,0.214016484
usa,montana,res,wind,q3a,avaConv,0.285596154
usa,montana,res,wind,q4n,avaConv,0.31313831
usa,montana,res,wind,q4m,avaConv,0.211032967
usa,montana,res,wind,q4p,avaConv,0.27109478
usa,montana,res,wind,q4a,avaConv,0.368169118
usa,nevada,res,wind,q1n,avaConv,0.310533333
usa,nevada,res,wind,q1m,avaConv,0.185137037
usa,nevada,res,wind,q1p,avaConv,0.256402778
usa,nevada,res,wind,q1a,avaConv,0.355352778
usa,nevada,res,wind,q2n,avaConv,0.2311644
usa,nevada,res,wind,q2m,avaConv,0.102166667
usa,nevada,res,wind,q2p,avaConv,0.131391667
usa,nevada,res,wind,q2a,avaConv,0.243537396
usa,nevada,res,wind,q3n,avaConv,0.260647131
usa,nevada,res,wind,q3m,avaConv,0.17185348
usa,nevada,res,wind,q3p,avaConv,0.214016484
usa,nevada,res,wind,q3a,avaConv,0.285596154
usa,nevada,res,wind,q4n,avaConv,0.31313831
usa,nevada,res,wind,q4m,avaConv,0.211032967
usa,nevada,res,wind,q4p,avaConv,0.27109478
usa,nevada,res,wind,q4a,avaConv,0.368169118
usa,utah,res,wind,q1n,avaConv,0.310533333
usa,utah,res,wind,q1m,avaConv,0.185137037
usa,utah,res,wind,q1p,avaConv,0.256402778
usa,utah,res,wind,q1a,avaConv,0.355352778
usa,utah,res,wind,q2n,avaConv,0.2311644
usa,utah,res,wind,q2m,avaConv,0.102166667
usa,utah,res,wind,q2p,avaConv,0.131391667
usa,utah,res,wind,q2a,avaConv,0.243537396
usa,utah,res,wind,q3n,avaConv,0.260647131
usa,utah,res,wind,q3m,avaConv,0.17185348
usa,utah,res,wind,q3p,avaConv,0.214016484
usa,utah,res,wind,q3a,avaConv,0.285596154
usa,utah,res,wind,q4n,avaConv,0.31313831
usa,utah,res,wind,q4m,avaConv,0.211032967
usa,utah,res,wind,q4p,avaConv,0.27109478
usa,utah,res,wind,q4a,avaConv,0.368169118
usa,arizona,res,wind,q1n,avaConv,0.310533333
usa,arizona,res,wind,q1m,avaConv,0.185137037
usa,arizona,res,wind,q1p,avaConv,0.256402778
usa,arizona,res,wind,q1a,avaConv,0.355352778
usa,arizona,res,wind,q2n,avaConv,0.2311644
usa,arizona,res,wind,q2m,avaConv,0.102166667
usa,arizona,res,wind,q2p,avaConv,0.131391667
usa,arizona,res,wind,q2a,avaConv,0.243537396
usa,arizona,res,wind,q3n,avaConv,0.260647131
usa,arizona,res,wind,q3m,avaConv,0.17185348
usa,arizona,res,wind,q3p,avaConv,0.214016484
usa,arizona,res,wind,q3a,avaConv,0.285596154
usa,arizona,res,wind,q4n,avaConv,0.31313831
usa,arizona,res,wind,q4m,avaConv,0.211032967
usa,arizona,res,wind,q4p,avaConv,0.27109478
usa,arizona,res,wind,q4a,avaConv,0.368169118
usa,wyoming,res,wind,q1n,avaConv,0.310533333
usa,wyoming,res,wind,q1m,avaConv,0.185137037
usa,wyoming,res,wind,q1p,avaConv,0.256402778
usa,wyoming,res,wind,q1a,avaConv,0.355352778
usa,wyoming,res,wind,q2n,avaConv,0.2311644
usa,wyoming,res,wind,q2m,avaConv,0.102166667
usa,wyoming,res,wind,q2p,avaConv,0.131391667
usa,wyoming,res,wind,q2a,avaConv,0.243537396
usa,wyoming,res,wind,q3n,avaConv,0.260647131
usa,wyoming,res,wind,q3m,avaConv,0.17185348
usa,wyoming,res,wind,q3p,avaConv,0.214016484
usa,wyoming,res,wind,q3a,avaConv,0.285596154
usa,wyoming,res,wind,q4n,avaConv,0.31313831
usa,wyoming,res,wind,q4m,avaConv,0.211032967
usa,wyoming,res,wind,q4p,avaConv,0.27109478
usa,wyoming,res,wind,q4a,avaConv,0.368169118
usa,colorado,res,wind,q1n,avaConv,0.310533333
usa,colorado,res,wind,q1m,avaConv,0.185137037
usa,colorado,res,wind,q1p,avaConv,0.256402778
usa,colorado,res,wind,q1a,avaConv,0.355352778
usa,colorado,res,wind,q2n,avaConv,0.2311644
usa,colorado,res,wind,q2m,avaConv,0.102166667
usa,colorado,res,wind,q2p,avaConv,0.131391667
usa,colorado,res,wind,q2a,avaConv,0.243537396
usa,colorado,res,wind,q3n,avaConv,0.260647131
usa,colorado,res,wind,q3m,avaConv,0.17185348
usa,colorado,res,wind,q3p,avaConv,0.214016484
usa,colorado,res,wind,q3a,avaConv,0.285596154
usa,colorado,res,wind,q4n,avaConv,0.31313831
usa,colorado,res,wind,q4m,avaConv,0.211032967
usa,colorado,res,wind,q4p,avaConv,0.27109478
usa,colorado,res,wind,q4a,avaConv,0.368169118
usa,newMexico,res,wind,q1n,avaConv,0.310533333
usa,newMexico,res,wind,q1m,avaConv,0.185137037
usa,newMexico,res,wind,q1p,avaConv,0.256402778
usa,newMexico,res,wind,q1a,avaConv,0.355352778
usa,newMexico,res,wind,q2n,avaConv,0.2311644
usa,newMexico,res,wind,q2m,avaConv,0.102166667
usa,newMexico,res,wind,q2p,avaConv,0.131391667
usa,newMexico,res,wind,q2a,avaConv,0.243537396
usa,newMexico,res,wind,q3n,avaConv,0.260647131
usa,newMexico,res,wind,q3m,avaConv,0.17185348
usa,newMexico,res,wind,q3p,avaConv,0.214016484
usa,newMexico,res,wind,q3a,avaConv,0.285596154
usa,newMexico,res,wind,q4n,avaConv,0.31313831
usa,newMexico,res,wind,q4m,avaConv,0.211032967
usa,newMexico,res,wind,q4p,avaConv,0.27109478
usa,newMexico,res,wind,q4a,avaConv,0.368169118
usa,northDakota,res,wind,q1n,avaConv,0.310533333
usa,northDakota,res,wind,q1m,avaConv,0.185137037
usa,northDakota,res,wind,q1p,avaConv,0.256402778
usa,northDakota,res,wind,q1a,avaConv,0.355352778
usa,northDakota,res,wind,q2n,avaConv,0.2311644
usa,northDakota,res,wind,q2m,avaConv,0.102166667
usa,northDakota,res,wind,q2p,avaConv,0.131391667
usa,northDakota,res,wind,q2a,avaConv,0.243537396
usa,northDakota,res,wind,q3n,avaConv,0.260647131
usa,northDakota,res,wind,q3m,avaConv,0.17185348
usa,northDakota,res,wind,q3p,avaConv,0.214016484
usa,northDakota,res,wind,q3a,avaConv,0.285596154
usa,northDakota,res,wind,q4n,avaConv,0.31313831
usa,northDakota,res,wind,q4m,avaConv,0.211032967
usa,northDakota,res,wind,q4p,avaConv,0.27109478
usa,northDakota,res,wind,q4a,avaConv,0.368169118
usa,southDakota,res,wind,q1n,avaConv,0.310533333
usa,southDakota,res,wind,q1m,avaConv,0.185137037
usa,southDakota,res,wind,q1p,avaConv,0.256402778
usa,southDakota,res,wind,q1a,avaConv,0.355352778
usa,southDakota,res,wind,q2n,avaConv,0.2311644
usa,southDakota,res,wind,q2m,avaConv,0.102166667
usa,southDakota,res,wind,q2p,avaConv,0.131391667
usa,southDakota,res,wind,q2a,avaConv,0.243537396
usa,southDakota,res,wind,q3n,avaConv,0.260647131
usa,southDakota,res,wind,q3m,avaConv,0.17185348
usa,southDakota,res,wind,q3p,avaConv,0.214016484
usa,southDakota,res,wind,q3a,avaConv,0.285596154
usa,southDakota,res,wind,q4n,avaConv,0.31313831
usa,southDakota,res,wind,q4m,avaConv,0.211032967
usa,southDakota,res,wind,q4p,avaConv,0.27109478
usa,southDakota,res,wind,q4a,avaConv,0.368169118
usa,nebraska,res,wind,q1n,avaConv,0.310533333
usa,nebraska,res,wind,q1m,avaConv,0.185137037
usa,nebraska,res,wind,q1p,avaConv,0.256402778
usa,nebraska,res,wind,q1a,avaConv,0.355352778
usa,nebraska,res,wind,q2n,avaConv,0.2311644
usa,nebraska,res,wind,q2m,avaConv,0.102166667
usa,nebraska,res,wind,q2p,avaConv,0.131391667
usa,nebraska,res,wind,q2a,avaConv,0.243537396
usa,nebraska,res,wind,q3n,avaConv,0.260647131
usa,nebraska,res,wind,q3m,avaConv,0.17185348
usa,nebraska,res,wind,q3p,avaConv,0.214016484
usa,nebraska,res,wind,q3a,avaConv,0.285596154
usa,nebraska,res,wind,q4n,avaConv,0.31313831
usa,nebraska,res,wind,q4m,avaConv,0.211032967
usa,nebraska,res,wind,q4p,avaConv,0.27109478
usa,nebraska,res,wind,q4a,avaConv,0.368169118
usa,kansas,res,wind,q1n,avaConv,0.310533333
usa,kansas,res,wind,q1m,avaConv,0.185137037
usa,kansas,res,wind,q1p,avaConv,0.256402778
usa,kansas,res,wind,q1a,avaConv,0.355352778
usa,kansas,res,wind,q2n,avaConv,0.2311644
usa,kansas,res,wind,q2m,avaConv,0.102166667
usa,kansas,res,wind,q2p,avaConv,0.131391667
usa,kansas,res,wind,q2a,avaConv,0.243537396
usa,kansas,res,wind,q3n,avaConv,0.260647131
usa,kansas,res,wind,q3m,avaConv,0.17185348
usa,kansas,res,wind,q3p,avaConv,0.214016484
usa,kansas,res,wind,q3a,avaConv,0.285596154
usa,kansas,res,wind,q4n,avaConv,0.31313831
usa,kansas,res,wind,q4m,avaConv,0.211032967
usa,kansas,res,wind,q4p,avaConv,0.27109478
usa,kansas,res,wind,q4a,avaConv,0.368169118
usa,oklahoma,res,wind,q1n,avaConv,0.310533333
usa,oklahoma,res,wind,q1m,avaConv,0.185137037
usa,oklahoma,res,wind,q1p,avaConv,0.256402778
usa,oklahoma,res,wind,q1a,avaConv,0.355352778
usa,oklahoma,res,wind,q2n,avaConv,0.2311644
usa,oklahoma,res,wind,q2m,avaConv,0.102166667
usa,oklahoma,res,wind,q2p,avaConv,0.131391667
usa,oklahoma,res,wind,q2a,avaConv,0.243537396
usa,oklahoma,res,wind,q3n,avaConv,0.260647131
usa,oklahoma,res,wind,q3m,avaConv,0.17185348
usa,oklahoma,res,wind,q3p,avaConv,0.214016484
usa,oklahoma,res,wind,q3a,avaConv,0.285596154
usa,oklahoma,res,wind,q4n,avaConv,0.31313831
usa,oklahoma,res,wind,q4m,avaConv,0.211032967
usa,oklahoma,res,wind,q4p,avaConv,0.27109478
usa,oklahoma,res,wind,q4a,avaConv,0.368169118
usa,texas,res,wind,q1n,avaConv,0.310533333
usa,texas,res,wind,q1m,avaConv,0.185137037
usa,texas,res,wind,q1p,avaConv,0.256402778
usa,texas,res,wind,q1a,avaConv,0.355352778
usa,texas,res,wind,q2n,avaConv,0.2311644
usa,texas,res,wind,q2m,avaConv,0.102166667
usa,texas,res,wind,q2p,avaConv,0.131391667
usa,texas,res,wind,q2a,avaConv,0.243537396
usa,texas,res,wind,q3n,avaConv,0.260647131
usa,texas,res,wind,q3m,avaConv,0.17185348
usa,texas,res,wind,q3p,avaConv,0.214016484
usa,texas,res,wind,q3a,avaConv,0.285596154
usa,texas,res,wind,q4n,avaConv,0.31313831
usa,texas,res,wind,q4m,avaConv,0.211032967
usa,texas,res,wind,q4p,avaConv,0.27109478
usa,texas,res,wind,q4a,avaConv,0.368169118
usa,minnesota,res,wind,q1n,avaConv,0.310533333
usa,minnesota,res,wind,q1m,avaConv,0.185137037
usa,minnesota,res,wind,q1p,avaConv,0.256402778
usa,minnesota,res,wind,q1a,avaConv,0.355352778
usa,minnesota,res,wind,q2n,avaConv,0.2311644
usa,minnesota,res,wind,q2m,avaConv,0.102166667
usa,minnesota,res,wind,q2p,avaConv,0.131391667
usa,minnesota,res,wind,q2a,avaConv,0.243537396
usa,minnesota,res,wind,q3n,avaConv,0.260647131
usa,minnesota,res,wind,q3m,avaConv,0.17185348
usa,minnesota,res,wind,q3p,avaConv,0.214016484
usa,minnesota,res,wind,q3a,avaConv,0.285596154
usa,minnesota,res,wind,q4n,avaConv,0.31313831
usa,minnesota,res,wind,q4m,avaConv,0.211032967
usa,minnesota,res,wind,q4p,avaConv,0.27109478
usa,minnesota,res,wind,q4a,avaConv,0.368169118
usa,wisconsin,res,wind,q1n,avaConv,0.310533333
usa,wisconsin,res,wind,q1m,avaConv,0.185137037
usa,wisconsin,res,wind,q1p,avaConv,0.256402778
usa,wisconsin,res,wind,q1a,avaConv,0.355352778
usa,wisconsin,res,wind,q2n,avaConv,0.2311644
usa,wisconsin,res,wind,q2m,avaConv,0.102166667
usa,wisconsin,res,wind,q2p,avaConv,0.131391667
usa,wisconsin,res,wind,q2a,avaConv,0.243537396
usa,wisconsin,res,wind,q3n,avaConv,0.260647131
usa,wisconsin,res,wind,q3m,avaConv,0.17185348
usa,wisconsin,res,wind,q3p,avaConv,0.214016484
usa,wisconsin,res,wind,q3a,avaConv,0.285596154
usa,wisconsin,res,wind,q4n,avaConv,0.31313831
usa,wisconsin,res,wind,q4m,avaConv,0.211032967
usa,wisconsin,res,wind,q4p,avaConv,0.27109478
usa,wisconsin,res,wind,q4a,avaConv,0.368169118
usa,iowa,res,wind,q1n,avaConv,0.310533333
usa,iowa,res,wind,q1m,avaConv,0.185137037
usa,iowa,res,wind,q1p,avaConv,0.256402778
usa,iowa,res,wind,q1a,avaConv,0.355352778
usa,iowa,res,wind,q2n,avaConv,0.2311644
usa,iowa,res,wind,q2m,avaConv,0.102166667
usa,iowa,res,wind,q2p,avaConv,0.131391667
usa,iowa,res,wind,q2a,avaConv,0.243537396
usa,iowa,res,wind,q3n,avaConv,0.260647131
usa,iowa,res,wind,q3m,avaConv,0.17185348
usa,iowa,res,wind,q3p,avaConv,0.214016484
usa,iowa,res,wind,q3a,avaConv,0.285596154
usa,iowa,res,wind,q4n,avaConv,0.31313831
usa,iowa,res,wind,q4m,avaConv,0.211032967
usa,iowa,res,wind,q4p,avaConv,0.27109478
usa,iowa,res,wind,q4a,avaConv,0.368169118
usa,missouri,res,wind,q1n,avaConv,0.310533333
usa,missouri,res,wind,q1m,avaConv,0.185137037
usa,missouri,res,wind,q1p,avaConv,0.256402778
usa,missouri,res,wind,q1a,avaConv,0.355352778
usa,missouri,res,wind,q2n,avaConv,0.2311644
usa,missouri,res,wind,q2m,avaConv,0.102166667
usa,missouri,res,wind,q2p,avaConv,0.131391667
usa,missouri,res,wind,q2a,avaConv,0.243537396
usa,missouri,res,wind,q3n,avaConv,0.260647131
usa,missouri,res,wind,q3m,avaConv,0.17185348
usa,missouri,res,wind,q3p,avaConv,0.214016484
usa,missouri,res,wind,q3a,avaConv,0.285596154
usa,missouri,res,wind,q4n,avaConv,0.31313831
usa,missouri,res,wind,q4m,avaConv,0.211032967
usa,missouri,res,wind,q4p,avaConv,0.27109478
usa,missouri,res,wind,q4a,avaConv,0.368169118
usa,illinois,res,wind,q1n,avaConv,0.310533333
usa,illinois,res,wind,q1m,avaConv,0.185137037
usa,illinois,res,wind,q1p,avaConv,0.256402778
usa,illinois,res,wind,q1a,avaConv,0.355352778
usa,illinois,res,wind,q2n,avaConv,0.2311644
usa,illinois,res,wind,q2m,avaConv,0.102166667
usa,illinois,res,wind,q2p,avaConv,0.131391667
usa,illinois,res,wind,q2a,avaConv,0.243537396
usa,illinois,res,wind,q3n,avaConv,0.260647131
usa,illinois,res,wind,q3m,avaConv,0.17185348
usa,illinois,res,wind,q3p,avaConv,0.214016484
usa,illinois,res,wind,q3a,avaConv,0.285596154
usa,illinois,res,wind,q4n,avaConv,0.31313831
usa,illinois,res,wind,q4m,avaConv,0.211032967
usa,illinois,res,wind,q4p,avaConv,0.27109478
usa,illinois,res,wind,q4a,avaConv,0.368169118
usa,indiana,res,wind,q1n,avaConv,0.310533333
usa,indiana,res,wind,q1m,avaConv,0.185137037
usa,indiana,res,wind,q1p,avaConv,0.256402778
usa,indiana,res,wind,q1a,avaConv,0.355352778
usa,indiana,res,wind,q2n,avaConv,0.2311644
usa,indiana,res,wind,q2m,avaConv,0.102166667
usa,indiana,res,wind,q2p,avaConv,0.131391667
usa,indiana,res,wind,q2a,avaConv,0.243537396
usa,indiana,res,wind,q3n,avaConv,0.260647131
usa,indiana,res,wind,q3m,avaConv,0.17185348
usa,indiana,res,wind,q3p,avaConv,0.214016484
usa,indiana,res,wind,q3a,avaConv,0.285596154
usa,indiana,res,wind,q4n,avaConv,0.31313831
usa,indiana,res,wind,q4m,avaConv,0.211032967
usa,indiana,res,wind,q4p,avaConv,0.27109478
usa,indiana,res,wind,q4a,avaConv,0.368169118
usa,michigan,res,wind,q1n,avaConv,0.310533333
usa,michigan,res,wind,q1m,avaConv,0.185137037
usa,michigan,res,wind,q1p,avaConv,0.256402778
usa,michigan,res,wind,q1a,avaConv,0.355352778
usa,michigan,res,wind,q2n,avaConv,0.2311644
usa,michigan,res,wind,q2m,avaConv,0.102166667
usa,michigan,res,wind,q2p,avaConv,0.131391667
usa,michigan,res,wind,q2a,avaConv,0.243537396
usa,michigan,res,wind,q3n,avaConv,0.260647131
usa,michigan,res,wind,q3m,avaConv,0.17185348
usa,michigan,res,wind,q3p,avaConv,0.214016484
usa,michigan,res,wind,q3a,avaConv,0.285596154
usa,michigan,res,wind,q4n,avaConv,0.31313831
usa,michigan,res,wind,q4m,avaConv,0.211032967
usa,michigan,res,wind,q4p,avaConv,0.27109478
usa,michigan,res,wind,q4a,avaConv,0.368169118
usa,ohio,res,wind,q1n,avaConv,0.310533333
usa,ohio,res,wind,q1m,avaConv,0.185137037
usa,ohio,res,wind,q1p,avaConv,0.256402778
usa,ohio,res,wind,q1a,avaConv,0.355352778
usa,ohio,res,wind,q2n,avaConv,0.2311644
usa,ohio,res,wind,q2m,avaConv,0.102166667
usa,ohio,res,wind,q2p,avaConv,0.131391667
usa,ohio,res,wind,q2a,avaConv,0.243537396
usa,ohio,res,wind,q3n,avaConv,0.260647131
usa,ohio,res,wind,q3m,avaConv,0.17185348
usa,ohio,res,wind,q3p,avaConv,0.214016484
usa,ohio,res,wind,q3a,avaConv,0.285596154
usa,ohio,res,wind,q4n,avaConv,0.31313831
usa,ohio,res,wind,q4m,avaConv,0.211032967
usa,ohio,res,wind,q4p,avaConv,0.27109478
usa,ohio,res,wind,q4a,avaConv,0.368169118
usa,arkansas,res,wind,q1n,avaConv,0.310533333
usa,arkansas,res,wind,q1m,avaConv,0.185137037
usa,arkansas,res,wind,q1p,avaConv,0.256402778
usa,arkansas,res,wind,q1a,avaConv,0.355352778
usa,arkansas,res,wind,q2n,avaConv,0.2311644
usa,arkansas,res,wind,q2m,avaConv,0.102166667
usa,arkansas,res,wind,q2p,avaConv,0.131391667
usa,arkansas,res,wind,q2a,avaConv,0.243537396
usa,arkansas,res,wind,q3n,avaConv,0.260647131
usa,arkansas,res,wind,q3m,avaConv,0.17185348
usa,arkansas,res,wind,q3p,avaConv,0.214016484
usa,arkansas,res,wind,q3a,avaConv,0.285596154
usa,arkansas,res,wind,q4n,avaConv,0.31313831
usa,arkansas,res,wind,q4m,avaConv,0.211032967
usa,arkansas,res,wind,q4p,avaConv,0.27109478
usa,arkansas,res,wind,q4a,avaConv,0.368169118
usa,louisiana,res,wind,q1n,avaConv,0.310533333
usa,louisiana,res,wind,q1m,avaConv,0.185137037
usa,louisiana,res,wind,q1p,avaConv,0.256402778
usa,louisiana,res,wind,q1a,avaConv,0.355352778
usa,louisiana,res,wind,q2n,avaConv,0.2311644
usa,louisiana,res,wind,q2m,avaConv,0.102166667
usa,louisiana,res,wind,q2p,avaConv,0.131391667
usa,louisiana,res,wind,q2a,avaConv,0.243537396
usa,louisiana,res,wind,q3n,avaConv,0.260647131
usa,louisiana,res,wind,q3m,avaConv,0.17185348
usa,louisiana,res,wind,q3p,avaConv,0.214016484
usa,louisiana,res,wind,q3a,avaConv,0.285596154
usa,louisiana,res,wind,q4n,avaConv,0.31313831
usa,louisiana,res,wind,q4m,avaConv,0.211032967
usa,louisiana,res,wind,q4p,avaConv,0.27109478
usa,louisiana,res,wind,q4a,avaConv,0.368169118
usa,mississippi,res,wind,q1n,avaConv,0.310533333
usa,mississippi,res,wind,q1m,avaConv,0.185137037
usa,mississippi,res,wind,q1p,avaConv,0.256402778
usa,mississippi,res,wind,q1a,avaConv,0.355352778
usa,mississippi,res,wind,q2n,avaConv,0.2311644
usa,mississippi,res,wind,q2m,avaConv,0.102166667
usa,mississippi,res,wind,q2p,avaConv,0.131391667
usa,mississippi,res,wind,q2a,avaConv,0.243537396
usa,mississippi,res,wind,q3n,avaConv,0.260647131
usa,mississippi,res,wind,q3m,avaConv,0.17185348
usa,mississippi,res,wind,q3p,avaConv,0.214016484
usa,mississippi,res,wind,q3a,avaConv,0.285596154
usa,mississippi,res,wind,q4n,avaConv,0.31313831
usa,mississippi,res,wind,q4m,avaConv,0.211032967
usa,mississippi,res,wind,q4p,avaConv,0.27109478
usa,mississippi,res,wind,q4a,avaConv,0.368169118
usa,tennessee,res,wind,q1n,avaConv,0.310533333
usa,tennessee,res,wind,q1m,avaConv,0.185137037
usa,tennessee,res,wind,q1p,avaConv,0.256402778
usa,tennessee,res,wind,q1a,avaConv,0.355352778
usa,tennessee,res,wind,q2n,avaConv,0.2311644
usa,tennessee,res,wind,q2m,avaConv,0.102166667
usa,tennessee,res,wind,q2p,avaConv,0.131391667
usa,tennessee,res,wind,q2a,avaConv,0.243537396
usa,tennessee,res,wind,q3n,avaConv,0.260647131
usa,tennessee,res,wind,q3m,avaConv,0.17185348
usa,tennessee,res,wind,q3p,avaConv,0.214016484
usa,tennessee,res,wind,q3a,avaConv,0.285596154
usa,tennessee,res,wind,q4n,avaConv,0.31313831
usa,tennessee,res,wind,q4m,avaConv,0.211032967
usa,tennessee,res,wind,q4p,avaConv,0.27109478
usa,tennessee,res,wind,q4a,avaConv,0.368169118
usa,kentucky,res,wind,q1n,avaConv,0.310533333
usa,kentucky,res,wind,q1m,avaConv,0.185137037
usa,kentucky,res,wind,q1p,avaConv,0.256402778
usa,kentucky,res,wind,q1a,avaConv,0.355352778
usa,kentucky,res,wind,q2n,avaConv,0.2311644
usa,kentucky,res,wind,q2m,avaConv,0.102166667
usa,kentucky,res,wind,q2p,avaConv,0.131391667
usa,kentucky,res,wind,q2a,avaConv,0.243537396
usa,kentucky,res,wind,q3n,avaConv,0.260647131
usa,kentucky,res,wind,q3m,avaConv,0.17185348
usa,kentucky,res,wind,q3p,avaConv,0.214016484
usa,kentucky,res,wind,q3a,avaConv,0.285596154
usa,kentucky,res,wind,q4n,avaConv,0.31313831
usa,kentucky,res,wind,q4m,avaConv,0.211032967
usa,kentucky,res,wind,q4p,avaConv,0.27109478
usa,kentucky,res,wind,q4a,avaConv,0.368169118
usa,georgia,res,wind,q1n,avaConv,0.310533333
usa,georgia,res,wind,q1m,avaConv,0.185137037
usa,georgia,res,wind,q1p,avaConv,0.256402778
usa,georgia,res,wind,q1a,avaConv,0.355352778
usa,georgia,res,wind,q2n,avaConv,0.2311644
usa,georgia,res,wind,q2m,avaConv,0.102166667
usa,georgia,res,wind,q2p,avaConv,0.131391667
usa,georgia,res,wind,q2a,avaConv,0.243537396
usa,georgia,res,wind,q3n,avaConv,0.260647131
usa,georgia,res,wind,q3m,avaConv,0.17185348
usa,georgia,res,wind,q3p,avaConv,0.214016484
usa,georgia,res,wind,q3a,avaConv,0.285596154
usa,georgia,res,wind,q4n,avaConv,0.31313831
usa,georgia,res,wind,q4m,avaConv,0.211032967
usa,georgia,res,wind,q4p,avaConv,0.27109478
usa,georgia,res,wind,q4a,avaConv,0.368169118
usa,florida,res,wind,q1n,avaConv,0.310533333
usa,florida,res,wind,q1m,avaConv,0.185137037
usa,florida,res,wind,q1p,avaConv,0.256402778
usa,florida,res,wind,q1a,avaConv,0.355352778
usa,florida,res,wind,q2n,avaConv,0.2311644
usa,florida,res,wind,q2m,avaConv,0.102166667
usa,florida,res,wind,q2p,avaConv,0.131391667
usa,florida,res,wind,q2a,avaConv,0.243537396
usa,florida,res,wind,q3n,avaConv,0.260647131
usa,florida,res,wind,q3m,avaConv,0.17185348
usa,florida,res,wind,q3p,avaConv,0.214016484
usa,florida,res,wind,q3a,avaConv,0.285596154
usa,florida,res,wind,q4n,avaConv,0.31313831
usa,florida,res,wind,q4m,avaConv,0.211032967
usa,florida,res,wind,q4p,avaConv,0.27109478
usa,florida,res,wind,q4a,avaConv,0.368169118
usa,southCarolina,res,wind,q1n,avaConv,0.310533333
usa,southCarolina,res,wind,q1m,avaConv,0.185137037
usa,southCarolina,res,wind,q1p,avaConv,0.256402778
usa,southCarolina,res,wind,q1a,avaConv,0.355352778
usa,southCarolina,res,wind,q2n,avaConv,0.2311644
usa,southCarolina,res,wind,q2m,avaConv,0.102166667
usa,southCarolina,res,wind,q2p,avaConv,0.131391667
usa,southCarolina,res,wind,q2a,avaConv,0.243537396
usa,southCarolina,res,wind,q3n,avaConv,0.260647131
usa,southCarolina,res,wind,q3m,avaConv,0.17185348
usa,southCarolina,res,wind,q3p,avaConv,0.214016484
usa,southCarolina,res,wind,q3a,avaConv,0.285596154
usa,southCarolina,res,wind,q4n,avaConv,0.31313831
usa,southCarolina,res,wind,q4m,avaConv,0.211032967
usa,southCarolina,res,wind,q4p,avaConv,0.27109478
usa,southCarolina,res,wind,q4a,avaConv,0.368169118
usa,northCarolina,res,wind,q1n,avaConv,0.310533333
usa,northCarolina,res,wind,q1m,avaConv,0.185137037
usa,northCarolina,res,wind,q1p,avaConv,0.256402778
usa,northCarolina,res,wind,q1a,avaConv,0.355352778
usa,northCarolina,res,wind,q2n,avaConv,0.2311644
usa,northCarolina,res,wind,q2m,avaConv,0.102166667
usa,northCarolina,res,wind,q2p,avaConv,0.131391667
usa,northCarolina,res,wind,q2a,avaConv,0.243537396
usa,northCarolina,res,wind,q3n,avaConv,0.260647131
usa,northCarolina,res,wind,q3m,avaConv,0.17185348
usa,northCarolina,res,wind,q3p,avaConv,0.214016484
usa,northCarolina,res,wind,q3a,avaConv,0.285596154
usa,northCarolina,res,wind,q4n,avaConv,0.31313831
usa,northCarolina,res,wind,q4m,avaConv,0.211032967
usa,northCarolina,res,wind,q4p,avaConv,0.27109478
usa,northCarolina,res,wind,q4a,avaConv,0.368169118
usa,virginia,res,wind,q1n,avaConv,0.310533333
usa,virginia,res,wind,q1m,avaConv,0.185137037
usa,virginia,res,wind,q1p,avaConv,0.256402778
usa,virginia,res,wind,q1a,avaConv,0.355352778
usa,virginia,res,wind,q2n,avaConv,0.2311644
usa,virginia,res,wind,q2m,avaConv,0.102166667
usa,virginia,res,wind,q2p,avaConv,0.131391667
usa,virginia,res,wind,q2a,avaConv,0.243537396
usa,virginia,res,wind,q3n,avaConv,0.260647131
usa,virginia,res,wind,q3m,avaConv,0.17185348
usa,virginia,res,wind,q3p,avaConv,0.214016484
usa,virginia,res,wind,q3a,avaConv,0.285596154
usa,virginia,res,wind,q4n,avaConv,0.31313831
usa,virginia,res,wind,q4m,avaConv,0.211032967
usa,virginia,res,wind,q4p,avaConv,0.27109478
usa,virginia,res,wind,q4a,avaConv,0.368169118
usa,westVirginia,res,wind,q1n,avaConv,0.310533333
usa,westVirginia,res,wind,q1m,avaConv,0.185137037
usa,westVirginia,res,wind,q1p,avaConv,0.256402778
usa,westVirginia,res,wind,q1a,avaConv,0.355352778
usa,westVirginia,res,wind,q2n,avaConv,0.2311644
usa,westVirginia,res,wind,q2m,avaConv,0.102166667
usa,westVirginia,res,wind,q2p,avaConv,0.131391667
usa,westVirginia,res,wind,q2a,avaConv,0.243537396
usa,westVirginia,res,wind,q3n,avaConv,0.260647131
usa,westVirginia,res,wind,q3m,avaConv,0.17185348
usa,westVirginia,res,wind,q3p,avaConv,0.214016484
usa,westVirginia,res,wind,q3a,avaConv,0.285596154
usa,westVirginia,res,wind,q4n,avaConv,0.31313831
usa,westVirginia,res,wind,q4m,avaConv,0.211032967
usa,westVirginia,res,wind,q4p,avaConv,0.27109478
usa,westVirginia,res,wind,q4a,avaConv,0.368169118
usa,delaware,res,wind,q1n,avaConv,0.310533333
usa,delaware,res,wind,q1m,avaConv,0.185137037
usa,delaware,res,wind,q1p,avaConv,0.256402778
usa,delaware,res,wind,q1a,avaConv,0.355352778
usa,delaware,res,wind,q2n,avaConv,0.2311644
usa,delaware,res,wind,q2m,avaConv,0.102166667
usa,delaware,res,wind,q2p,avaConv,0.131391667
usa,delaware,res,wind,q2a,avaConv,0.243537396
usa,delaware,res,wind,q3n,avaConv,0.260647131
usa,delaware,res,wind,q3m,avaConv,0.17185348
usa,delaware,res,wind,q3p,avaConv,0.214016484
usa,delaware,res,wind,q3a,avaConv,0.285596154
usa,delaware,res,wind,q4n,avaConv,0.31313831
usa,delaware,res,wind,q4m,avaConv,0.211032967
usa,delaware,res,wind,q4p,avaConv,0.27109478
usa,delaware,res,wind,q4a,avaConv,0.368169118
usa,newJersey,res,wind,q1n,avaConv,0.310533333
usa,newJersey,res,wind,q1m,avaConv,0.185137037
usa,newJersey,res,wind,q1p,avaConv,0.256402778
usa,newJersey,res,wind,q1a,avaConv,0.355352778
usa,newJersey,res,wind,q2n,avaConv,0.2311644
usa,newJersey,res,wind,q2m,avaConv,0.102166667
usa,newJersey,res,wind,q2p,avaConv,0.131391667
usa,newJersey,res,wind,q2a,avaConv,0.243537396
usa,newJersey,res,wind,q3n,avaConv,0.260647131
usa,newJersey,res,wind,q3m,avaConv,0.17185348
usa,newJersey,res,wind,q3p,avaConv,0.214016484
usa,newJersey,res,wind,q3a,avaConv,0.285596154
usa,newJersey,res,wind,q4n,avaConv,0.31313831
usa,newJersey,res,wind,q4m,avaConv,0.211032967
usa,newJersey,res,wind,q4p,avaConv,0.27109478
usa,newJersey,res,wind,q4a,avaConv,0.368169118
usa,pennsylvania,res,wind,q1n,avaConv,0.310533333
usa,pennsylvania,res,wind,q1m,avaConv,0.185137037
usa,pennsylvania,res,wind,q1p,avaConv,0.256402778
usa,pennsylvania,res,wind,q1a,avaConv,0.355352778
usa,pennsylvania,res,wind,q2n,avaConv,0.2311644
usa,pennsylvania,res,wind,q2m,avaConv,0.102166667
usa,pennsylvania,res,wind,q2p,avaConv,0.131391667
usa,pennsylvania,res,wind,q2a,avaConv,0.243537396
usa,pennsylvania,res,wind,q3n,avaConv,0.260647131
usa,pennsylvania,res,wind,q3m,avaConv,0.17185348
usa,pennsylvania,res,wind,q3p,avaConv,0.214016484
usa,pennsylvania,res,wind,q3a,avaConv,0.285596154
usa,pennsylvania,res,wind,q4n,avaConv,0.31313831
usa,pennsylvania,res,wind,q4m,avaConv,0.211032967
usa,pennsylvania,res,wind,q4p,avaConv,0.27109478
usa,pennsylvania,res,wind,q4a,avaConv,0.368169118
usa,newYork,res,wind,q1n,avaConv,0.310533333
usa,newYork,res,wind,q1m,avaConv,0.185137037
usa,newYork,res,wind,q1p,avaConv,0.256402778
usa,newYork,res,wind,q1a,avaConv,0.355352778
usa,newYork,res,wind,q2n,avaConv,0.2311644
usa,newYork,res,wind,q2m,avaConv,0.102166667
usa,newYork,res,wind,q2p,avaConv,0.131391667
usa,newYork,res,wind,q2a,avaConv,0.243537396
usa,newYork,res,wind,q3n,avaConv,0.260647131
usa,newYork,res,wind,q3m,avaConv,0.17185348
usa,newYork,res,wind,q3p,avaConv,0.214016484
usa,newYork,res,wind,q3a,avaConv,0.285596154
usa,newYork,res,wind,q4n,avaConv,0.31313831
usa,newYork,res,wind,q4m,avaConv,0.211032967
usa,newYork,res,wind,q4p,avaConv,0.27109478
usa,newYork,res,wind,q4a,avaConv,0.368169118
usa,connecticut,res,wind,q1n,avaConv,0.310533333
usa,connecticut,res,wind,q1m,avaConv,0.185137037
usa,connecticut,res,wind,q1p,avaConv,0.256402778
usa,connecticut,res,wind,q1a,avaConv,0.355352778
usa,connecticut,res,wind,q2n,avaConv,0.2311644
usa,connecticut,res,wind,q2m,avaConv,0.102166667
usa,connecticut,res,wind,q2p,avaConv,0.131391667
usa,connecticut,res,wind,q2a,avaConv,0.243537396
usa,connecticut,res,wind,q3n,avaConv,0.260647131
usa,connecticut,res,wind,q3m,avaConv,0.17185348
usa,connecticut,res,wind,q3p,avaConv,0.214016484
usa,connecticut,res,wind,q3a,avaConv,0.285596154
usa,connecticut,res,wind,q4n,avaConv,0.31313831
usa,connecticut,res,wind,q4m,avaConv,0.211032967
usa,connecticut,res,wind,q4p,avaConv,0.27109478
usa,connecticut,res,wind,q4a,avaConv,0.368169118
usa,massachusetts,res,wind,q1n,avaConv,0.310533333
usa,massachusetts,res,wind,q1m,avaConv,0.185137037
usa,massachusetts,res,wind,q1p,avaConv,0.256402778
usa,massachusetts,res,wind,q1a,avaConv,0.355352778
usa,massachusetts,res,wind,q2n,avaConv,0.2311644
usa,massachusetts,res,wind,q2m,avaConv,0.102166667
usa,massachusetts,res,wind,q2p,avaConv,0.131391667
usa,massachusetts,res,wind,q2a,avaConv,0.243537396
usa,massachusetts,res,wind,q3n,avaConv,0.260647131
usa,massachusetts,res,wind,q3m,avaConv,0.17185348
usa,massachusetts,res,wind,q3p,avaConv,0.214016484
usa,massachusetts,res,wind,q3a,avaConv,0.285596154
usa,massachusetts,res,wind,q4n,avaConv,0.31313831
usa,massachusetts,res,wind,q4m,avaConv,0.211032967
usa,massachusetts,res,wind,q4p,avaConv,0.27109478
usa,massachusetts,res,wind,q4a,avaConv,0.368169118
usa,newHampshire,res,wind,q1n,avaConv,0.310533333
usa,newHampshire,res,wind,q1m,avaConv,0.185137037
usa,newHampshire,res,wind,q1p,avaConv,0.256402778
usa,newHampshire,res,wind,q1a,avaConv,0.355352778
usa,newHampshire,res,wind,q2n,avaConv,0.2311644
usa,newHampshire,res,wind,q2m,avaConv,0.102166667
usa,newHampshire,res,wind,q2p,avaConv,0.131391667
usa,newHampshire,res,wind,q2a,avaConv,0.243537396
usa,newHampshire,res,wind,q3n,avaConv,0.260647131
usa,newHampshire,res,wind,q3m,avaConv,0.17185348
usa,newHampshire,res,wind,q3p,avaConv,0.214016484
usa,newHampshire,res,wind,q3a,avaConv,0.285596154
usa,newHampshire,res,wind,q4n,avaConv,0.31313831
usa,newHampshire,res,wind,q4m,avaConv,0.211032967
usa,newHampshire,res,wind,q4p,avaConv,0.27109478
usa,newHampshire,res,wind,q4a,avaConv,0.368169118
usa,vermont,res,wind,q1n,avaConv,0.310533333
usa,vermont,res,wind,q1m,avaConv,0.185137037
usa,vermont,res,wind,q1p,avaConv,0.256402778
usa,vermont,res,wind,q1a,avaConv,0.355352778
usa,vermont,res,wind,q2n,avaConv,0.2311644
usa,vermont,res,wind,q2m,avaConv,0.102166667
usa,vermont,res,wind,q2p,avaConv,0.131391667
usa,vermont,res,wind,q2a,avaConv,0.243537396
usa,vermont,res,wind,q3n,avaConv,0.260647131
usa,vermont,res,wind,q3m,avaConv,0.17185348
usa,vermont,res,wind,q3p,avaConv,0.214016484
usa,vermont,res,wind,q3a,avaConv,0.285596154
usa,vermont,res,wind,q4n,avaConv,0.31313831
usa,vermont,res,wind,q4m,avaConv,0.211032967
usa,vermont,res,wind,q4p,avaConv,0.27109478
usa,vermont,res,wind,q4a,avaConv,0.368169118
usa,maine,res,wind,q1n,avaConv,0.310533333
usa,maine,res,wind,q1m,avaConv,0.185137037
usa,maine,res,wind,q1p,avaConv,0.256402778
usa,maine,res,wind,q1a,avaConv,0.355352778
usa,maine,res,wind,q2n,avaConv,0.2311644
usa,maine,res,wind,q2m,avaConv,0.102166667
usa,maine,res,wind,q2p,avaConv,0.131391667
usa,maine,res,wind,q2a,avaConv,0.243537396
usa,maine,res,wind,q3n,avaConv,0.260647131
usa,maine,res,wind,q3m,avaConv,0.17185348
usa,maine,res,wind,q3p,avaConv,0.214016484
usa,maine,res,wind,q3a,avaConv,0.285596154
usa,maine,res,wind,q4n,avaConv,0.31313831
usa,maine,res,wind,q4m,avaConv,0.211032967
usa,maine,res,wind,q4p,avaConv,0.27109478
usa,maine,res,wind,q4a,avaConv,0.368169118
usa,rhodeIsland,res,wind,q1n,avaConv,0.310533333
usa,rhodeIsland,res,wind,q1m,avaConv,0.185137037
usa,rhodeIsland,res,wind,q1p,avaConv,0.256402778
usa,rhodeIsland,res,wind,q1a,avaConv,0.355352778
usa,rhodeIsland,res,wind,q2n,avaConv,0.2311644
usa,rhodeIsland,res,wind,q2m,avaConv,0.102166667
usa,rhodeIsland,res,wind,q2p,avaConv,0.131391667
usa,rhodeIsland,res,wind,q2a,avaConv,0.243537396
usa,rhodeIsland,res,wind,q3n,avaConv,0.260647131
usa,rhodeIsland,res,wind,q3m,avaConv,0.17185348
usa,rhodeIsland,res,wind,q3p,avaConv,0.214016484
usa,rhodeIsland,res,wind,q3a,avaConv,0.285596154
usa,rhodeIsland,res,wind,q4n,avaConv,0.31313831
usa,rhodeIsland,res,wind,q4m,avaConv,0.211032967
usa,rhodeIsland,res,wind,q4p,avaConv,0.27109478
usa,rhodeIsland,res,wind,q4a,avaConv,0.368169118
usa,maryland,res,wind,q1n,avaConv,0.310533333
usa,maryland,res,wind,q1m,avaConv,0.185137037
usa,maryland,res,wind,q1p,avaConv,0.256402778
usa,maryland,res,wind,q1a,avaConv,0.355352778
usa,maryland,res,wind,q2n,avaConv,0.2311644
usa,maryland,res,wind,q2m,avaConv,0.102166667
usa,maryland,res,wind,q2p,avaConv,0.131391667
usa,maryland,res,wind,q2a,avaConv,0.243537396
usa,maryland,res,wind,q3n,avaConv,0.260647131
usa,maryland,res,wind,q3m,avaConv,0.17185348
usa,maryland,res,wind,q3p,avaConv,0.214016484
usa,maryland,res,wind,q3a,avaConv,0.285596154
usa,maryland,res,wind,q4n,avaConv,0.31313831
usa,maryland,res,wind,q4m,avaConv,0.211032967
usa,maryland,res,wind,q4p,avaConv,0.27109478
usa,maryland,res,wind,q4a,avaConv,0.368169118
canada,canada_,res,wind,q1n,avaConv,0.310533333
canada,canada_,res,wind,q1m,avaConv,0.185137037
canada,canada_,res,wind,q1p,avaConv,0.256402778
canada,canada_,res,wind,q1a,avaConv,0.355352778
canada,canada_,res,wind,q2n,avaConv,0.2311644
canada,canada_,res,wind,q2m,avaConv,0.102166667
canada,canada_,res,wind,q2p,avaConv,0.131391667
canada,canada_,res,wind,q2a,avaConv,0.243537396
canada,canada_,res,wind,q3n,avaConv,0.260647131
canada,canada_,res,wind,q3m,avaConv,0.17185348
canada,canada_,res,wind,q3p,avaConv,0.214016484
canada,canada_,res,wind,q3a,avaConv,0.285596154
canada,canada_,res,wind,q4n,avaConv,0.31313831
canada,canada_,res,wind,q4m,avaConv,0.211032967
canada,canada_,res,wind,q4p,avaConv,0.27109478
canada,canada_,res,wind,q4a,avaConv,0.368169118
usa,alabama,res,solar,q1n,avaConv,0
usa,alabama,res,solar,q1m,avaConv,0.023785185
usa,alabama,res,solar,q1p,avaConv,0.602522222
usa,alabama,res,solar,q1a,avaConv,0.138758333
usa,alabama,res,solar,q2n,avaConv,0
usa,alabama,res,solar,q2m,avaConv,0.001748148
usa,alabama,res,solar,q2p,avaConv,0.488673611
usa,alabama,res,solar,q2a,avaConv,0.239855956
usa,alabama,res,solar,q3n,avaConv,0
usa,alabama,res,solar,q3m,avaConv,0.000776557
usa,alabama,res,solar,q3p,avaConv,0.470244505
usa,alabama,res,solar,q3a,avaConv,0.21507967
usa,alabama,res,solar,q4n,avaConv,0
usa,alabama,res,solar,q4m,avaConv,0.060666667
usa,alabama,res,solar,q4p,avaConv,0.578416209
usa,alabama,res,solar,q4a,avaConv,0.084055147
usa,california,res,solar,q1n,avaConv,0
usa,california,res,solar,q1m,avaConv,0.023785185
usa,california,res,solar,q1p,avaConv,0.602522222
usa,california,res,solar,q1a,avaConv,0.138758333
usa,california,res,solar,q2n,avaConv,0
usa,california,res,solar,q2m,avaConv,0.001748148
usa,california,res,solar,q2p,avaConv,0.488673611
usa,california,res,solar,q2a,avaConv,0.239855956
usa,california,res,solar,q3n,avaConv,0
usa,california,res,solar,q3m,avaConv,0.000776557
usa,california,res,solar,q3p,avaConv,0.470244505
usa,california,res,solar,q3a,avaConv,0.21507967
usa,california,res,solar,q4n,avaConv,0
usa,california,res,solar,q4m,avaConv,0.060666667
usa,california,res,solar,q4p,avaConv,0.578416209
usa,california,res,solar,q4a,avaConv,0.084055147
usa,washington,res,solar,q1n,avaConv,0
usa,washington,res,solar,q1m,avaConv,0.023785185
usa,washington,res,solar,q1p,avaConv,0.602522222
usa,washington,res,solar,q1a,avaConv,0.138758333
usa,washington,res,solar,q2n,avaConv,0
usa,washington,res,solar,q2m,avaConv,0.001748148
usa,washington,res,solar,q2p,avaConv,0.488673611
usa,washington,res,solar,q2a,avaConv,0.239855956
usa,washington,res,solar,q3n,avaConv,0
usa,washington,res,solar,q3m,avaConv,0.000776557
usa,washington,res,solar,q3p,avaConv,0.470244505
usa,washington,res,solar,q3a,avaConv,0.21507967
usa,washington,res,solar,q4n,avaConv,0
usa,washington,res,solar,q4m,avaConv,0.060666667
usa,washington,res,solar,q4p,avaConv,0.578416209
usa,washington,res,solar,q4a,avaConv,0.084055147
usa,oregon,res,solar,q1n,avaConv,0
usa,oregon,res,solar,q1m,avaConv,0.023785185
usa,oregon,res,solar,q1p,avaConv,0.602522222
usa,oregon,res,solar,q1a,avaConv,0.138758333
usa,oregon,res,solar,q2n,avaConv,0
usa,oregon,res,solar,q2m,avaConv,0.001748148
usa,oregon,res,solar,q2p,avaConv,0.488673611
usa,oregon,res,solar,q2a,avaConv,0.239855956
usa,oregon,res,solar,q3n,avaConv,0
usa,oregon,res,solar,q3m,avaConv,0.000776557
usa,oregon,res,solar,q3p,avaConv,0.470244505
usa,oregon,res,solar,q3a,avaConv,0.21507967
usa,oregon,res,solar,q4n,avaConv,0
usa,oregon,res,solar,q4m,avaConv,0.060666667
usa,oregon,res,solar,q4p,avaConv,0.578416209
usa,oregon,res,solar,q4a,avaConv,0.084055147
usa,idaho,res,solar,q1n,avaConv,0
usa,idaho,res,solar,q1m,avaConv,0.023785185
usa,idaho,res,solar,q1p,avaConv,0.602522222
usa,idaho,res,solar,q1a,avaConv,0.138758333
usa,idaho,res,solar,q2n,avaConv,0
usa,idaho,res,solar,q2m,avaConv,0.001748148
usa,idaho,res,solar,q2p,avaConv,0.488673611
usa,idaho,res,solar,q2a,avaConv,0.239855956
usa,idaho,res,solar,q3n,avaConv,0
usa,idaho,res,solar,q3m,avaConv,0.000776557
usa,idaho,res,solar,q3p,avaConv,0.470244505
usa,idaho,res,solar,q3a,avaConv,0.21507967
usa,idaho,res,solar,q4n,avaConv,0
usa,idaho,res,solar,q4m,avaConv,0.060666667
usa,idaho,res,solar,q4p,avaConv,0.578416209
usa,idaho,res,solar,q4a,avaConv,0.084055147
usa,montana,res,solar,q1n,avaConv,0
usa,montana,res,solar,q1m,avaConv,0.023785185
usa,montana,res,solar,q1p,avaConv,0.602522222
usa,montana,res,solar,q1a,avaConv,0.138758333
usa,montana,res,solar,q2n,avaConv,0
usa,montana,res,solar,q2m,avaConv,0.001748148
usa,montana,res,solar,q2p,avaConv,0.488673611
usa,montana,res,solar,q2a,avaConv,0.239855956
usa,montana,res,solar,q3n,avaConv,0
usa,montana,res,solar,q3m,avaConv,0.000776557
usa,montana,res,solar,q3p,avaConv,0.470244505
usa,montana,res,solar,q3a,avaConv,0.21507967
usa,montana,res,solar,q4n,avaConv,0
usa,montana,res,solar,q4m,avaConv,0.060666667
usa,montana,res,solar,q4p,avaConv,0.578416209
usa,montana,res,solar,q4a,avaConv,0.084055147
usa,nevada,res,solar,q1n,avaConv,0
usa,nevada,res,solar,q1m,avaConv,0.023785185
usa,nevada,res,solar,q1p,avaConv,0.602522222
usa,nevada,res,solar,q1a,avaConv,0.138758333
usa,nevada,res,solar,q2n,avaConv,0
usa,nevada,res,solar,q2m,avaConv,0.001748148
usa,nevada,res,solar,q2p,avaConv,0.488673611
usa,nevada,res,solar,q2a,avaConv,0.239855956
usa,nevada,res,solar,q3n,avaConv,0
usa,nevada,res,solar,q3m,avaConv,0.000776557
usa,nevada,res,solar,q3p,avaConv,0.470244505
usa,nevada,res,solar,q3a,avaConv,0.21507967
usa,nevada,res,solar,q4n,avaConv,0
usa,nevada,res,solar,q4m,avaConv,0.060666667
usa,nevada,res,solar,q4p,avaConv,0.578416209
usa,nevada,res,solar,q4a,avaConv,0.084055147
usa,utah,res,solar,q1n,avaConv,0
usa,utah,res,solar,q1m,avaConv,0.023785185
usa,utah,res,solar,q1p,avaConv,0.602522222
usa,utah,res,solar,q1a,avaConv,0.138758333
usa,utah,res,solar,q2n,avaConv,0
usa,utah,res,solar,q2m,avaConv,0.001748148
usa,utah,res,solar,q2p,avaConv,0.488673611
usa,utah,res,solar,q2a,avaConv,0.239855956
usa,utah,res,solar,q3n,avaConv,0
usa,utah,res,solar,q3m,avaConv,0.000776557
usa,utah,res,solar,q3p,avaConv,0.470244505
usa,utah,res,solar,q3a,avaConv,0.21507967
usa,utah,res,solar,q4n,avaConv,0
usa,utah,res,solar,q4m,avaConv,0.060666667
usa,utah,res,solar,q4p,avaConv,0.578416209
usa,utah,res,solar,q4a,avaConv,0.084055147
usa,arizona,res,solar,q1n,avaConv,0
usa,arizona,res,solar,q1m,avaConv,0.023785185
usa,arizona,res,solar,q1p,avaConv,0.602522222
usa,arizona,res,solar,q1a,avaConv,0.138758333
usa,arizona,res,solar,q2n,avaConv,0
usa,arizona,res,solar,q2m,avaConv,0.001748148
usa,arizona,res,solar,q2p,avaConv,0.488673611
usa,arizona,res,solar,q2a,avaConv,0.239855956
usa,arizona,res,solar,q3n,avaConv,0
usa,arizona,res,solar,q3m,avaConv,0.000776557
usa,arizona,res,solar,q3p,avaConv,0.470244505
usa,arizona,res,solar,q3a,avaConv,0.21507967
usa,arizona,res,solar,q4n,avaConv,0
usa,arizona,res,solar,q4m,avaConv,0.060666667
usa,arizona,res,solar,q4p,avaConv,0.578416209
usa,arizona,res,solar,q4a,avaConv,0.084055147
usa,wyoming,res,solar,q1n,avaConv,0
usa,wyoming,res,solar,q1m,avaConv,0.023785185
usa,wyoming,res,solar,q1p,avaConv,0.602522222
usa,wyoming,res,solar,q1a,avaConv,0.138758333
usa,wyoming,res,solar,q2n,avaConv,0
usa,wyoming,res,solar,q2m,avaConv,0.001748148
usa,wyoming,res,solar,q2p,avaConv,0.488673611
usa,wyoming,res,solar,q2a,avaConv,0.239855956
usa,wyoming,res,solar,q3n,avaConv,0
usa,wyoming,res,solar,q3m,avaConv,0.000776557
usa,wyoming,res,solar,q3p,avaConv,0.470244505
usa,wyoming,res,solar,q3a,avaConv,0.21507967
usa,wyoming,res,solar,q4n,avaConv,0
usa,wyoming,res,solar,q4m,avaConv,0.060666667
usa,wyoming,res,solar,q4p,avaConv,0.578416209
usa,wyoming,res,solar,q4a,avaConv,0.084055147
usa,colorado,res,solar,q1n,avaConv,0
usa,colorado,res,solar,q1m,avaConv,0.023785185
usa,colorado,res,solar,q1p,avaConv,0.602522222
usa,colorado,res,solar,q1a,avaConv,0.138758333
usa,colorado,res,solar,q2n,avaConv,0
usa,colorado,res,solar,q2m,avaConv,0.001748148
usa,colorado,res,solar,q2p,avaConv,0.488673611
usa,colorado,res,solar,q2a,avaConv,0.239855956
usa,colorado,res,solar,q3n,avaConv,0
usa,colorado,res,solar,q3m,avaConv,0.000776557
usa,colorado,res,solar,q3p,avaConv,0.470244505
usa,colorado,res,solar,q3a,avaConv,0.21507967
usa,colorado,res,solar,q4n,avaConv,0
usa,colorado,res,solar,q4m,avaConv,0.060666667
usa,colorado,res,solar,q4p,avaConv,0.578416209
usa,colorado,res,solar,q4a,avaConv,0.084055147
usa,newMexico,res,solar,q1n,avaConv,0
usa,newMexico,res,solar,q1m,avaConv,0.023785185
usa,newMexico,res,solar,q1p,avaConv,0.602522222
usa,newMexico,res,solar,q1a,avaConv,0.138758333
usa,newMexico,res,solar,q2n,avaConv,0
usa,newMexico,res,solar,q2m,avaConv,0.001748148
usa,newMexico,res,solar,q2p,avaConv,0.488673611
usa,newMexico,res,solar,q2a,avaConv,0.239855956
usa,newMexico,res,solar,q3n,avaConv,0
usa,newMexico,res,solar,q3m,avaConv,0.000776557
usa,newMexico,res,solar,q3p,avaConv,0.470244505
usa,newMexico,res,solar,q3a,avaConv,0.21507967
usa,newMexico,res,solar,q4n,avaConv,0
usa,newMexico,res,solar,q4m,avaConv,0.060666667
usa,newMexico,res,solar,q4p,avaConv,0.578416209
usa,newMexico,res,solar,q4a,avaConv,0.084055147
usa,northDakota,res,solar,q1n,avaConv,0
usa,northDakota,res,solar,q1m,avaConv,0.023785185
usa,northDakota,res,solar,q1p,avaConv,0.602522222
usa,northDakota,res,solar,q1a,avaConv,0.138758333
usa,northDakota,res,solar,q2n,avaConv,0
usa,northDakota,res,solar,q2m,avaConv,0.001748148
usa,northDakota,res,solar,q2p,avaConv,0.488673611
usa,northDakota,res,solar,q2a,avaConv,0.239855956
usa,northDakota,res,solar,q3n,avaConv,0
usa,northDakota,res,solar,q3m,avaConv,0.000776557
usa,northDakota,res,solar,q3p,avaConv,0.470244505
usa,northDakota,res,solar,q3a,avaConv,0.21507967
usa,northDakota,res,solar,q4n,avaConv,0
usa,northDakota,res,solar,q4m,avaConv,0.060666667
usa,northDakota,res,solar,q4p,avaConv,0.578416209
usa,northDakota,res,solar,q4a,avaConv,0.084055147
usa,southDakota,res,solar,q1n,avaConv,0
usa,southDakota,res,solar,q1m,avaConv,0.023785185
usa,southDakota,res,solar,q1p,avaConv,0.602522222
usa,southDakota,res,solar,q1a,avaConv,0.138758333
usa,southDakota,res,solar,q2n,avaConv,0
usa,southDakota,res,solar,q2m,avaConv,0.001748148
usa,southDakota,res,solar,q2p,avaConv,0.488673611
usa,southDakota,res,solar,q2a,avaConv,0.239855956
usa,southDakota,res,solar,q3n,avaConv,0
usa,southDakota,res,solar,q3m,avaConv,0.000776557
usa,southDakota,res,solar,q3p,avaConv,0.470244505
usa,southDakota,res,solar,q3a,avaConv,0.21507967
usa,southDakota,res,solar,q4n,avaConv,0
usa,southDakota,res,solar,q4m,avaConv,0.060666667
usa,southDakota,res,solar,q4p,avaConv,0.578416209
usa,southDakota,res,solar,q4a,avaConv,0.084055147
usa,nebraska,res,solar,q1n,avaConv,0
usa,nebraska,res,solar,q1m,avaConv,0.023785185
usa,nebraska,res,solar,q1p,avaConv,0.602522222
usa,nebraska,res,solar,q1a,avaConv,0.138758333
usa,nebraska,res,solar,q2n,avaConv,0
usa,nebraska,res,solar,q2m,avaConv,0.001748148
usa,nebraska,res,solar,q2p,avaConv,0.488673611
usa,nebraska,res,solar,q2a,avaConv,0.239855956
usa,nebraska,res,solar,q3n,avaConv,0
usa,nebraska,res,solar,q3m,avaConv,0.000776557
usa,nebraska,res,solar,q3p,avaConv,0.470244505
usa,nebraska,res,solar,q3a,avaConv,0.21507967
usa,nebraska,res,solar,q4n,avaConv,0
usa,nebraska,res,solar,q4m,avaConv,0.060666667
usa,nebraska,res,solar,q4p,avaConv,0.578416209
usa,nebraska,res,solar,q4a,avaConv,0.084055147
usa,kansas,res,solar,q1n,avaConv,0
usa,kansas,res,solar,q1m,avaConv,0.023785185
usa,kansas,res,solar,q1p,avaConv,0.602522222
usa,kansas,res,solar,q1a,avaConv,0.138758333
usa,kansas,res,solar,q2n,avaConv,0
usa,kansas,res,solar,q2m,avaConv,0.001748148
usa,kansas,res,solar,q2p,avaConv,0.488673611
usa,kansas,res,solar,q2a,avaConv,0.239855956
usa,kansas,res,solar,q3n,avaConv,0
usa,kansas,res,solar,q3m,avaConv,0.000776557
usa,kansas,res,solar,q3p,avaConv,0.470244505
usa,kansas,res,solar,q3a,avaConv,0.21507967
usa,kansas,res,solar,q4n,avaConv,0
usa,kansas,res,solar,q4m,avaConv,0.060666667
usa,kansas,res,solar,q4p,avaConv,0.578416209
usa,kansas,res,solar,q4a,avaConv,0.084055147
usa,oklahoma,res,solar,q1n,avaConv,0
usa,oklahoma,res,solar,q1m,avaConv,0.023785185
usa,oklahoma,res,solar,q1p,avaConv,0.602522222
usa,oklahoma,res,solar,q1a,avaConv,0.138758333
usa,oklahoma,res,solar,q2n,avaConv,0
usa,oklahoma,res,solar,q2m,avaConv,0.001748148
usa,oklahoma,res,solar,q2p,avaConv,0.488673611
usa,oklahoma,res,solar,q2a,avaConv,0.239855956
usa,oklahoma,res,solar,q3n,avaConv,0
usa,oklahoma,res,solar,q3m,avaConv,0.000776557
usa,oklahoma,res,solar,q3p,avaConv,0.470244505
usa,oklahoma,res,solar,q3a,avaConv,0.21507967
usa,oklahoma,res,solar,q4n,avaConv,0
usa,oklahoma,res,solar,q4m,avaConv,0.060666667
usa,oklahoma,res,solar,q4p,avaConv,0.578416209
usa,oklahoma,res,solar,q4a,avaConv,0.084055147
usa,texas,res,solar,q1n,avaConv,0
usa,texas,res,solar,q1m,avaConv,0.023785185
usa,texas,res,solar,q1p,avaConv,0.602522222
usa,texas,res,solar,q1a,avaConv,0.138758333
usa,texas,res,solar,q2n,avaConv,0
usa,texas,res,solar,q2m,avaConv,0.001748148
usa,texas,res,solar,q2p,avaConv,0.488673611
usa,texas,res,solar,q2a,avaConv,0.239855956
usa,texas,res,solar,q3n,avaConv,0
usa,texas,res,solar,q3m,avaConv,0.000776557
usa,texas,res,solar,q3p,avaConv,0.470244505
usa,texas,res,solar,q3a,avaConv,0.21507967
usa,texas,res,solar,q4n,avaConv,0
usa,texas,res,solar,q4m,avaConv,0.060666667
usa,texas,res,solar,q4p,avaConv,0.578416209
usa,texas,res,solar,q4a,avaConv,0.084055147
usa,minnesota,res,solar,q1n,avaConv,0
usa,minnesota,res,solar,q1m,avaConv,0.023785185
usa,minnesota,res,solar,q1p,avaConv,0.602522222
usa,minnesota,res,solar,q1a,avaConv,0.138758333
usa,minnesota,res,solar,q2n,avaConv,0
usa,minnesota,res,solar,q2m,avaConv,0.001748148
usa,minnesota,res,solar,q2p,avaConv,0.488673611
usa,minnesota,res,solar,q2a,avaConv,0.239855956
usa,minnesota,res,solar,q3n,avaConv,0
usa,minnesota,res,solar,q3m,avaConv,0.000776557
usa,minnesota,res,solar,q3p,avaConv,0.470244505
usa,minnesota,res,solar,q3a,avaConv,0.21507967
usa,minnesota,res,solar,q4n,avaConv,0
usa,minnesota,res,solar,q4m,avaConv,0.060666667
usa,minnesota,res,solar,q4p,avaConv,0.578416209
usa,minnesota,res,solar,q4a,avaConv,0.084055147
usa,wisconsin,res,solar,q1n,avaConv,0
usa,wisconsin,res,solar,q1m,avaConv,0.023785185
usa,wisconsin,res,solar,q1p,avaConv,0.602522222
usa,wisconsin,res,solar,q1a,avaConv,0.138758333
usa,wisconsin,res,solar,q2n,avaConv,0
usa,wisconsin,res,solar,q2m,avaConv,0.001748148
usa,wisconsin,res,solar,q2p,avaConv,0.488673611
usa,wisconsin,res,solar,q2a,avaConv,0.239855956
usa,wisconsin,res,solar,q3n,avaConv,0
usa,wisconsin,res,solar,q3m,avaConv,0.000776557
usa,wisconsin,res,solar,q3p,avaConv,0.470244505
usa,wisconsin,res,solar,q3a,avaConv,0.21507967
usa,wisconsin,res,solar,q4n,avaConv,0
usa,wisconsin,res,solar,q4m,avaConv,0.060666667
usa,wisconsin,res,solar,q4p,avaConv,0.578416209
usa,wisconsin,res,solar,q4a,avaConv,0.084055147
usa,iowa,res,solar,q1n,avaConv,0
usa,iowa,res,solar,q1m,avaConv,0.023785185
usa,iowa,res,solar,q1p,avaConv,0.602522222
usa,iowa,res,solar,q1a,avaConv,0.138758333
usa,iowa,res,solar,q2n,avaConv,0
usa,iowa,res,solar,q2m,avaConv,0.001748148
usa,iowa,res,solar,q2p,avaConv,0.488673611
usa,iowa,res,solar,q2a,avaConv,0.239855956
usa,iowa,res,solar,q3n,avaConv,0
usa,iowa,res,solar,q3m,avaConv,0.000776557
usa,iowa,res,solar,q3p,avaConv,0.470244505
usa,iowa,res,solar,q3a,avaConv,0.21507967
usa,iowa,res,solar,q4n,avaConv,0
usa,iowa,res,solar,q4m,avaConv,0.060666667
usa,iowa,res,solar,q4p,avaConv,0.578416209
usa,iowa,res,solar,q4a,avaConv,0.084055147
usa,missouri,res,solar,q1n,avaConv,0
usa,missouri,res,solar,q1m,avaConv,0.023785185
usa,missouri,res,solar,q1p,avaConv,0.602522222
usa,missouri,res,solar,q1a,avaConv,0.138758333
usa,missouri,res,solar,q2n,avaConv,0
usa,missouri,res,solar,q2m,avaConv,0.001748148
usa,missouri,res,solar,q2p,avaConv,0.488673611
usa,missouri,res,solar,q2a,avaConv,0.239855956
usa,missouri,res,solar,q3n,avaConv,0
usa,missouri,res,solar,q3m,avaConv,0.000776557
usa,missouri,res,solar,q3p,avaConv,0.470244505
usa,missouri,res,solar,q3a,avaConv,0.21507967
usa,missouri,res,solar,q4n,avaConv,0
usa,missouri,res,solar,q4m,avaConv,0.060666667
usa,missouri,res,solar,q4p,avaConv,0.578416209
usa,missouri,res,solar,q4a,avaConv,0.084055147
usa,illinois,res,solar,q1n,avaConv,0
usa,illinois,res,solar,q1m,avaConv,0.023785185
usa,illinois,res,solar,q1p,avaConv,0.602522222
usa,illinois,res,solar,q1a,avaConv,0.138758333
usa,illinois,res,solar,q2n,avaConv,0
usa,illinois,res,solar,q2m,avaConv,0.001748148
usa,illinois,res,solar,q2p,avaConv,0.488673611
usa,illinois,res,solar,q2a,avaConv,0.239855956
usa,illinois,res,solar,q3n,avaConv,0
usa,illinois,res,solar,q3m,avaConv,0.000776557
usa,illinois,res,solar,q3p,avaConv,0.470244505
usa,illinois,res,solar,q3a,avaConv,0.21507967
usa,illinois,res,solar,q4n,avaConv,0
usa,illinois,res,solar,q4m,avaConv,0.060666667
usa,illinois,res,solar,q4p,avaConv,0.578416209
usa,illinois,res,solar,q4a,avaConv,0.084055147
usa,indiana,res,solar,q1n,avaConv,0
usa,indiana,res,solar,q1m,avaConv,0.023785185
usa,indiana,res,solar,q1p,avaConv,0.602522222
usa,indiana,res,solar,q1a,avaConv,0.138758333
usa,indiana,res,solar,q2n,avaConv,0
usa,indiana,res,solar,q2m,avaConv,0.001748148
usa,indiana,res,solar,q2p,avaConv,0.488673611
usa,indiana,res,solar,q2a,avaConv,0.239855956
usa,indiana,res,solar,q3n,avaConv,0
usa,indiana,res,solar,q3m,avaConv,0.000776557
usa,indiana,res,solar,q3p,avaConv,0.470244505
usa,indiana,res,solar,q3a,avaConv,0.21507967
usa,indiana,res,solar,q4n,avaConv,0
usa,indiana,res,solar,q4m,avaConv,0.060666667
usa,indiana,res,solar,q4p,avaConv,0.578416209
usa,indiana,res,solar,q4a,avaConv,0.084055147
usa,michigan,res,solar,q1n,avaConv,0
usa,michigan,res,solar,q1m,avaConv,0.023785185
usa,michigan,res,solar,q1p,avaConv,0.602522222
usa,michigan,res,solar,q1a,avaConv,0.138758333
usa,michigan,res,solar,q2n,avaConv,0
usa,michigan,res,solar,q2m,avaConv,0.001748148
usa,michigan,res,solar,q2p,avaConv,0.488673611
usa,michigan,res,solar,q2a,avaConv,0.239855956
usa,michigan,res,solar,q3n,avaConv,0
usa,michigan,res,solar,q3m,avaConv,0.000776557
usa,michigan,res,solar,q3p,avaConv,0.470244505
usa,michigan,res,solar,q3a,avaConv,0.21507967
usa,michigan,res,solar,q4n,avaConv,0
usa,michigan,res,solar,q4m,avaConv,0.060666667
usa,michigan,res,solar,q4p,avaConv,0.578416209
usa,michigan,res,solar,q4a,avaConv,0.084055147
usa,ohio,res,solar,q1n,avaConv,0
usa,ohio,res,solar,q1m,avaConv,0.023785185
usa,ohio,res,solar,q1p,avaConv,0.602522222
usa,ohio,res,solar,q1a,avaConv,0.138758333
usa,ohio,res,solar,q2n,avaConv,0
usa,ohio,res,solar,q2m,avaConv,0.001748148
usa,ohio,res,solar,q2p,avaConv,0.488673611
usa,ohio,res,solar,q2a,avaConv,0.239855956
usa,ohio,res,solar,q3n,avaConv,0
usa,ohio,res,solar,q3m,avaConv,0.000776557
usa,ohio,res,solar,q3p,avaConv,0.470244505
usa,ohio,res,solar,q3a,avaConv,0.21507967
usa,ohio,res,solar,q4n,avaConv,0
usa,ohio,res,solar,q4m,avaConv,0.060666667
usa,ohio,res,solar,q4p,avaConv,0.578416209
usa,ohio,res,solar,q4a,avaConv,0.084055147
usa,arkansas,res,solar,q1n,avaConv,0
usa,arkansas,res,solar,q1m,avaConv,0.023785185
usa,arkansas,res,solar,q1p,avaConv,0.602522222
usa,arkansas,res,solar,q1a,avaConv,0.138758333
usa,arkansas,res,solar,q2n,avaConv,0
usa,arkansas,res,solar,q2m,avaConv,0.001748148
usa,arkansas,res,solar,q2p,avaConv,0.488673611
usa,arkansas,res,solar,q2a,avaConv,0.239855956
usa,arkansas,res,solar,q3n,avaConv,0
usa,arkansas,res,solar,q3m,avaConv,0.000776557
usa,arkansas,res,solar,q3p,avaConv,0.470244505
usa,arkansas,res,solar,q3a,avaConv,0.21507967
usa,arkansas,res,solar,q4n,avaConv,0
usa,arkansas,res,solar,q4m,avaConv,0.060666667
usa,arkansas,res,solar,q4p,avaConv,0.578416209
usa,arkansas,res,solar,q4a,avaConv,0.084055147
usa,louisiana,res,solar,q1n,avaConv,0
usa,louisiana,res,solar,q1m,avaConv,0.023785185
usa,louisiana,res,solar,q1p,avaConv,0.602522222
usa,louisiana,res,solar,q1a,avaConv,0.138758333
usa,louisiana,res,solar,q2n,avaConv,0
usa,louisiana,res,solar,q2m,avaConv,0.001748148
usa,louisiana,res,solar,q2p,avaConv,0.488673611
usa,louisiana,res,solar,q2a,avaConv,0.239855956
usa,louisiana,res,solar,q3n,avaConv,0
usa,louisiana,res,solar,q3m,avaConv,0.000776557
usa,louisiana,res,solar,q3p,avaConv,0.470244505
usa,louisiana,res,solar,q3a,avaConv,0.21507967
usa,louisiana,res,solar,q4n,avaConv,0
usa,louisiana,res,solar,q4m,avaConv,0.060666667
usa,louisiana,res,solar,q4p,avaConv,0.578416209
usa,louisiana,res,solar,q4a,avaConv,0.084055147
usa,mississippi,res,solar,q1n,avaConv,0
usa,mississippi,res,solar,q1m,avaConv,0.023785185
usa,mississippi,res,solar,q1p,avaConv,0.602522222
usa,mississippi,res,solar,q1a,avaConv,0.138758333
usa,mississippi,res,solar,q2n,avaConv,0
usa,mississippi,res,solar,q2m,avaConv,0.001748148
usa,mississippi,res,solar,q2p,avaConv,0.488673611
usa,mississippi,res,solar,q2a,avaConv,0.239855956
usa,mississippi,res,solar,q3n,avaConv,0
usa,mississippi,res,solar,q3m,avaConv,0.000776557
usa,mississippi,res,solar,q3p,avaConv,0.470244505
usa,mississippi,res,solar,q3a,avaConv,0.21507967
usa,mississippi,res,solar,q4n,avaConv,0
usa,mississippi,res,solar,q4m,avaConv,0.060666667
usa,mississippi,res,solar,q4p,avaConv,0.578416209
usa,mississippi,res,solar,q4a,avaConv,0.084055147
usa,tennessee,res,solar,q1n,avaConv,0
usa,tennessee,res,solar,q1m,avaConv,0.023785185
usa,tennessee,res,solar,q1p,avaConv,0.602522222
usa,tennessee,res,solar,q1a,avaConv,0.138758333
usa,tennessee,res,solar,q2n,avaConv,0
usa,tennessee,res,solar,q2m,avaConv,0.001748148
usa,tennessee,res,solar,q2p,avaConv,0.488673611
usa,tennessee,res,solar,q2a,avaConv,0.239855956
usa,tennessee,res,solar,q3n,avaConv,0
usa,tennessee,res,solar,q3m,avaConv,0.000776557
usa,tennessee,res,solar,q3p,avaConv,0.470244505
usa,tennessee,res,solar,q3a,avaConv,0.21507967
usa,tennessee,res,solar,q4n,avaConv,0
usa,tennessee,res,solar,q4m,avaConv,0.060666667
usa,tennessee,res,solar,q4p,avaConv,0.578416209
usa,tennessee,res,solar,q4a,avaConv,0.084055147
usa,kentucky,res,solar,q1n,avaConv,0
usa,kentucky,res,solar,q1m,avaConv,0.023785185
usa,kentucky,res,solar,q1p,avaConv,0.602522222
usa,kentucky,res,solar,q1a,avaConv,0.138758333
usa,kentucky,res,solar,q2n,avaConv,0
usa,kentucky,res,solar,q2m,avaConv,0.001748148
usa,kentucky,res,solar,q2p,avaConv,0.488673611
usa,kentucky,res,solar,q2a,avaConv,0.239855956
usa,kentucky,res,solar,q3n,avaConv,0
usa,kentucky,res,solar,q3m,avaConv,0.000776557
usa,kentucky,res,solar,q3p,avaConv,0.470244505
usa,kentucky,res,solar,q3a,avaConv,0.21507967
usa,kentucky,res,solar,q4n,avaConv,0
usa,kentucky,res,solar,q4m,avaConv,0.060666667
usa,kentucky,res,solar,q4p,avaConv,0.578416209
usa,kentucky,res,solar,q4a,avaConv,0.084055147
usa,georgia,res,solar,q1n,avaConv,0
usa,georgia,res,solar,q1m,avaConv,0.023785185
usa,georgia,res,solar,q1p,avaConv,0.602522222
usa,georgia,res,solar,q1a,avaConv,0.138758333
usa,georgia,res,solar,q2n,avaConv,0
usa,georgia,res,solar,q2m,avaConv,0.001748148
usa,georgia,res,solar,q2p,avaConv,0.488673611
usa,georgia,res,solar,q2a,avaConv,0.239855956
usa,georgia,res,solar,q3n,avaConv,0
usa,georgia,res,solar,q3m,avaConv,0.000776557
usa,georgia,res,solar,q3p,avaConv,0.470244505
usa,georgia,res,solar,q3a,avaConv,0.21507967
usa,georgia,res,solar,q4n,avaConv,0
usa,georgia,res,solar,q4m,avaConv,0.060666667
usa,georgia,res,solar,q4p,avaConv,0.578416209
usa,georgia,res,solar,q4a,avaConv,0.084055147
usa,florida,res,solar,q1n,avaConv,0
usa,florida,res,solar,q1m,avaConv,0.023785185
usa,florida,res,solar,q1p,avaConv,0.602522222
usa,florida,res,solar,q1a,avaConv,0.138758333
usa,florida,res,solar,q2n,avaConv,0
usa,florida,res,solar,q2m,avaConv,0.001748148
usa,florida,res,solar,q2p,avaConv,0.488673611
usa,florida,res,solar,q2a,avaConv,0.239855956
usa,florida,res,solar,q3n,avaConv,0
usa,florida,res,solar,q3m,avaConv,0.000776557
usa,florida,res,solar,q3p,avaConv,0.470244505
usa,florida,res,solar,q3a,avaConv,0.21507967
usa,florida,res,solar,q4n,avaConv,0
usa,florida,res,solar,q4m,avaConv,0.060666667
usa,florida,res,solar,q4p,avaConv,0.578416209
usa,florida,res,solar,q4a,avaConv,0.084055147
usa,southCarolina,res,solar,q1n,avaConv,0
usa,southCarolina,res,solar,q1m,avaConv,0.023785185
usa,southCarolina,res,solar,q1p,avaConv,0.602522222
usa,southCarolina,res,solar,q1a,avaConv,0.138758333
usa,southCarolina,res,solar,q2n,avaConv,0
usa,southCarolina,res,solar,q2m,avaConv,0.001748148
usa,southCarolina,res,solar,q2p,avaConv,0.488673611
usa,southCarolina,res,solar,q2a,avaConv,0.239855956
usa,southCarolina,res,solar,q3n,avaConv,0
usa,southCarolina,res,solar,q3m,avaConv,0.000776557
usa,southCarolina,res,solar,q3p,avaConv,0.470244505
usa,southCarolina,res,solar,q3a,avaConv,0.21507967
usa,southCarolina,res,solar,q4n,avaConv,0
usa,southCarolina,res,solar,q4m,avaConv,0.060666667
usa,southCarolina,res,solar,q4p,avaConv,0.578416209
usa,southCarolina,res,solar,q4a,avaConv,0.084055147
usa,northCarolina,res,solar,q1n,avaConv,0
usa,northCarolina,res,solar,q1m,avaConv,0.023785185
usa,northCarolina,res,solar,q1p,avaConv,0.602522222
usa,northCarolina,res,solar,q1a,avaConv,0.138758333
usa,northCarolina,res,solar,q2n,avaConv,0
usa,northCarolina,res,solar,q2m,avaConv,0.001748148
usa,northCarolina,res,solar,q2p,avaConv,0.488673611
usa,northCarolina,res,solar,q2a,avaConv,0.239855956
usa,northCarolina,res,solar,q3n,avaConv,0
usa,northCarolina,res,solar,q3m,avaConv,0.000776557
usa,northCarolina,res,solar,q3p,avaConv,0.470244505
usa,northCarolina,res,solar,q3a,avaConv,0.21507967
usa,northCarolina,res,solar,q4n,avaConv,0
usa,northCarolina,res,solar,q4m,avaConv,0.060666667
usa,northCarolina,res,solar,q4p,avaConv,0.578416209
usa,northCarolina,res,solar,q4a,avaConv,0.084055147
usa,virginia,res,solar,q1n,avaConv,0
usa,virginia,res,solar,q1m,avaConv,0.023785185
usa,virginia,res,solar,q1p,avaConv,0.602522222
usa,virginia,res,solar,q1a,avaConv,0.138758333
usa,virginia,res,solar,q2n,avaConv,0
usa,virginia,res,solar,q2m,avaConv,0.001748148
usa,virginia,res,solar,q2p,avaConv,0.488673611
usa,virginia,res,solar,q2a,avaConv,0.239855956
usa,virginia,res,solar,q3n,avaConv,0
usa,virginia,res,solar,q3m,avaConv,0.000776557
usa,virginia,res,solar,q3p,avaConv,0.470244505
usa,virginia,res,solar,q3a,avaConv,0.21507967
usa,virginia,res,solar,q4n,avaConv,0
usa,virginia,res,solar,q4m,avaConv,0.060666667
usa,virginia,res,solar,q4p,avaConv,0.578416209
usa,virginia,res,solar,q4a,avaConv,0.084055147
usa,westVirginia,res,solar,q1n,avaConv,0
usa,westVirginia,res,solar,q1m,avaConv,0.023785185
usa,westVirginia,res,solar,q1p,avaConv,0.602522222
usa,westVirginia,res,solar,q1a,avaConv,0.138758333
usa,westVirginia,res,solar,q2n,avaConv,0
usa,westVirginia,res,solar,q2m,avaConv,0.001748148
usa,westVirginia,res,solar,q2p,avaConv,0.488673611
usa,westVirginia,res,solar,q2a,avaConv,0.239855956
usa,westVirginia,res,solar,q3n,avaConv,0
usa,westVirginia,res,solar,q3m,avaConv,0.000776557
usa,westVirginia,res,solar,q3p,avaConv,0.470244505
usa,westVirginia,res,solar,q3a,avaConv,0.21507967
usa,westVirginia,res,solar,q4n,avaConv,0
usa,westVirginia,res,solar,q4m,avaConv,0.060666667
usa,westVirginia,res,solar,q4p,avaConv,0.578416209
usa,westVirginia,res,solar,q4a,avaConv,0.084055147
usa,delaware,res,solar,q1n,avaConv,0
usa,delaware,res,solar,q1m,avaConv,0.023785185
usa,delaware,res,solar,q1p,avaConv,0.602522222
usa,delaware,res,solar,q1a,avaConv,0.138758333
usa,delaware,res,solar,q2n,avaConv,0
usa,delaware,res,solar,q2m,avaConv,0.001748148
usa,delaware,res,solar,q2p,avaConv,0.488673611
usa,delaware,res,solar,q2a,avaConv,0.239855956
usa,delaware,res,solar,q3n,avaConv,0
usa,delaware,res,solar,q3m,avaConv,0.000776557
usa,delaware,res,solar,q3p,avaConv,0.470244505
usa,delaware,res,solar,q3a,avaConv,0.21507967
usa,delaware,res,solar,q4n,avaConv,0
usa,delaware,res,solar,q4m,avaConv,0.060666667
usa,delaware,res,solar,q4p,avaConv,0.578416209
usa,delaware,res,solar,q4a,avaConv,0.084055147
usa,newJersey,res,solar,q1n,avaConv,0
usa,newJersey,res,solar,q1m,avaConv,0.023785185
usa,newJersey,res,solar,q1p,avaConv,0.602522222
usa,newJersey,res,solar,q1a,avaConv,0.138758333
usa,newJersey,res,solar,q2n,avaConv,0
usa,newJersey,res,solar,q2m,avaConv,0.001748148
usa,newJersey,res,solar,q2p,avaConv,0.488673611
usa,newJersey,res,solar,q2a,avaConv,0.239855956
usa,newJersey,res,solar,q3n,avaConv,0
usa,newJersey,res,solar,q3m,avaConv,0.000776557
usa,newJersey,res,solar,q3p,avaConv,0.470244505
usa,newJersey,res,solar,q3a,avaConv,0.21507967
usa,newJersey,res,solar,q4n,avaConv,0
usa,newJersey,res,solar,q4m,avaConv,0.060666667
usa,newJersey,res,solar,q4p,avaConv,0.578416209
usa,newJersey,res,solar,q4a,avaConv,0.084055147
usa,pennsylvania,res,solar,q1n,avaConv,0
usa,pennsylvania,res,solar,q1m,avaConv,0.023785185
usa,pennsylvania,res,solar,q1p,avaConv,0.602522222
usa,pennsylvania,res,solar,q1a,avaConv,0.138758333
usa,pennsylvania,res,solar,q2n,avaConv,0
usa,pennsylvania,res,solar,q2m,avaConv,0.001748148
usa,pennsylvania,res,solar,q2p,avaConv,0.488673611
usa,pennsylvania,res,solar,q2a,avaConv,0.239855956
usa,pennsylvania,res,solar,q3n,avaConv,0
usa,pennsylvania,res,solar,q3m,avaConv,0.000776557
usa,pennsylvania,res,solar,q3p,avaConv,0.470244505
usa,pennsylvania,res,solar,q3a,avaConv,0.21507967
usa,pennsylvania,res,solar,q4n,avaConv,0
usa,pennsylvania,res,solar,q4m,avaConv,0.060666667
usa,pennsylvania,res,solar,q4p,avaConv,0.578416209
usa,pennsylvania,res,solar,q4a,avaConv,0.084055147
usa,newYork,res,solar,q1n,avaConv,0
usa,newYork,res,solar,q1m,avaConv,0.023785185
usa,newYork,res,solar,q1p,avaConv,0.602522222
usa,newYork,res,solar,q1a,avaConv,0.138758333
usa,newYork,res,solar,q2n,avaConv,0
usa,newYork,res,solar,q2m,avaConv,0.001748148
usa,newYork,res,solar,q2p,avaConv,0.488673611
usa,newYork,res,solar,q2a,avaConv,0.239855956
usa,newYork,res,solar,q3n,avaConv,0
usa,newYork,res,solar,q3m,avaConv,0.000776557
usa,newYork,res,solar,q3p,avaConv,0.470244505
usa,newYork,res,solar,q3a,avaConv,0.21507967
usa,newYork,res,solar,q4n,avaConv,0
usa,newYork,res,solar,q4m,avaConv,0.060666667
usa,newYork,res,solar,q4p,avaConv,0.578416209
usa,newYork,res,solar,q4a,avaConv,0.084055147
usa,connecticut,res,solar,q1n,avaConv,0
usa,connecticut,res,solar,q1m,avaConv,0.023785185
usa,connecticut,res,solar,q1p,avaConv,0.602522222
usa,connecticut,res,solar,q1a,avaConv,0.138758333
usa,connecticut,res,solar,q2n,avaConv,0
usa,connecticut,res,solar,q2m,avaConv,0.001748148
usa,connecticut,res,solar,q2p,avaConv,0.488673611
usa,connecticut,res,solar,q2a,avaConv,0.239855956
usa,connecticut,res,solar,q3n,avaConv,0
usa,connecticut,res,solar,q3m,avaConv,0.000776557
usa,connecticut,res,solar,q3p,avaConv,0.470244505
usa,connecticut,res,solar,q3a,avaConv,0.21507967
usa,connecticut,res,solar,q4n,avaConv,0
usa,connecticut,res,solar,q4m,avaConv,0.060666667
usa,connecticut,res,solar,q4p,avaConv,0.578416209
usa,connecticut,res,solar,q4a,avaConv,0.084055147
usa,massachusetts,res,solar,q1n,avaConv,0
usa,massachusetts,res,solar,q1m,avaConv,0.023785185
usa,massachusetts,res,solar,q1p,avaConv,0.602522222
usa,massachusetts,res,solar,q1a,avaConv,0.138758333
usa,massachusetts,res,solar,q2n,avaConv,0
usa,massachusetts,res,solar,q2m,avaConv,0.001748148
usa,massachusetts,res,solar,q2p,avaConv,0.488673611
usa,massachusetts,res,solar,q2a,avaConv,0.239855956
usa,massachusetts,res,solar,q3n,avaConv,0
usa,massachusetts,res,solar,q3m,avaConv,0.000776557
usa,massachusetts,res,solar,q3p,avaConv,0.470244505
usa,massachusetts,res,solar,q3a,avaConv,0.21507967
usa,massachusetts,res,solar,q4n,avaConv,0
usa,massachusetts,res,solar,q4m,avaConv,0.060666667
usa,massachusetts,res,solar,q4p,avaConv,0.578416209
usa,massachusetts,res,solar,q4a,avaConv,0.084055147
usa,newHampshire,res,solar,q1n,avaConv,0
usa,newHampshire,res,solar,q1m,avaConv,0.023785185
usa,newHampshire,res,solar,q1p,avaConv,0.602522222
usa,newHampshire,res,solar,q1a,avaConv,0.138758333
usa,newHampshire,res,solar,q2n,avaConv,0
usa,newHampshire,res,solar,q2m,avaConv,0.001748148
usa,newHampshire,res,solar,q2p,avaConv,0.488673611
usa,newHampshire,res,solar,q2a,avaConv,0.239855956
usa,newHampshire,res,solar,q3n,avaConv,0
usa,newHampshire,res,solar,q3m,avaConv,0.000776557
usa,newHampshire,res,solar,q3p,avaConv,0.470244505
usa,newHampshire,res,solar,q3a,avaConv,0.21507967
usa,newHampshire,res,solar,q4n,avaConv,0
usa,newHampshire,res,solar,q4m,avaConv,0.060666667
usa,newHampshire,res,solar,q4p,avaConv,0.578416209
usa,newHampshire,res,solar,q4a,avaConv,0.084055147
usa,vermont,res,solar,q1n,avaConv,0
usa,vermont,res,solar,q1m,avaConv,0.023785185
usa,vermont,res,solar,q1p,avaConv,0.602522222
usa,vermont,res,solar,q1a,avaConv,0.138758333
usa,vermont,res,solar,q2n,avaConv,0
usa,vermont,res,solar,q2m,avaConv,0.001748148
usa,vermont,res,solar,q2p,avaConv,0.488673611
usa,vermont,res,solar,q2a,avaConv,0.239855956
usa,vermont,res,solar,q3n,avaConv,0
usa,vermont,res,solar,q3m,avaConv,0.000776557
usa,vermont,res,solar,q3p,avaConv,0.470244505
usa,vermont,res,solar,q3a,avaConv,0.21507967
usa,vermont,res,solar,q4n,avaConv,0
usa,vermont,res,solar,q4m,avaConv,0.060666667
usa,vermont,res,solar,q4p,avaConv,0.578416209
usa,vermont,res,solar,q4a,avaConv,0.084055147
usa,maine,res,solar,q1n,avaConv,0
usa,maine,res,solar,q1m,avaConv,0.023785185
usa,maine,res,solar,q1p,avaConv,0.602522222
usa,maine,res,solar,q1a,avaConv,0.138758333
usa,maine,res,solar,q2n,avaConv,0
usa,maine,res,solar,q2m,avaConv,0.001748148
usa,maine,res,solar,q2p,avaConv,0.488673611
usa,maine,res,solar,q2a,avaConv,0.239855956
usa,maine,res,solar,q3n,avaConv,0
usa,maine,res,solar,q3m,avaConv,0.000776557
usa,maine,res,solar,q3p,avaConv,0.470244505
usa,maine,res,solar,q3a,avaConv,0.21507967
usa,maine,res,solar,q4n,avaConv,0
usa,maine,res,solar,q4m,avaConv,0.060666667
usa,maine,res,solar,q4p,avaConv,0.578416209
usa,maine,res,solar,q4a,avaConv,0.084055147
usa,rhodeIsland,res,solar,q1n,avaConv,0
usa,rhodeIsland,res,solar,q1m,avaConv,0.023785185
usa,rhodeIsland,res,solar,q1p,avaConv,0.602522222
usa,rhodeIsland,res,solar,q1a,avaConv,0.138758333
usa,rhodeIsland,res,solar,q2n,avaConv,0
usa,rhodeIsland,res,solar,q2m,avaConv,0.001748148
usa,rhodeIsland,res,solar,q2p,avaConv,0.488673611
usa,rhodeIsland,res,solar,q2a,avaConv,0.239855956
usa,rhodeIsland,res,solar,q3n,avaConv,0
usa,rhodeIsland,res,solar,q3m,avaConv,0.000776557
usa,rhodeIsland,res,solar,q3p,avaConv,0.470244505
usa,rhodeIsland,res,solar,q3a,avaConv,0.21507967
usa,rhodeIsland,res,solar,q4n,avaConv,0
usa,rhodeIsland,res,solar,q4m,avaConv,0.060666667
usa,rhodeIsland,res,solar,q4p,avaConv,0.578416209
usa,rhodeIsland,res,solar,q4a,avaConv,0.084055147
usa,maryland,res,solar,q1n,avaConv,0
usa,maryland,res,solar,q1m,avaConv,0.023785185
usa,maryland,res,solar,q1p,avaConv,0.602522222
usa,maryland,res,solar,q1a,avaConv,0.138758333
usa,maryland,res,solar,q2n,avaConv,0
usa,maryland,res,solar,q2m,avaConv,0.001748148
usa,maryland,res,solar,q2p,avaConv,0.488673611
usa,maryland,res,solar,q2a,avaConv,0.239855956
usa,maryland,res,solar,q3n,avaConv,0
usa,maryland,res,solar,q3m,avaConv,0.000776557
usa,maryland,res,solar,q3p,avaConv,0.470244505
usa,maryland,res,solar,q3a,avaConv,0.21507967
usa,maryland,res,solar,q4n,avaConv,0
usa,maryland,res,solar,q4m,avaConv,0.060666667
usa,maryland,res,solar,q4p,avaConv,0.578416209
usa,maryland,res,solar,q4a,avaConv,0.084055147
canada,canada_,res,solar,q1n,avaConv,0
canada,canada_,res,solar,q1m,avaConv,0.023785185
canada,canada_,res,solar,q1p,avaConv,0.602522222
canada,canada_,res,solar,q1a,avaConv,0.138758333
canada,canada_,res,solar,q2n,avaConv,0
canada,canada_,res,solar,q2m,avaConv,0.001748148
canada,canada_,res,solar,q2p,avaConv,0.488673611
canada,canada_,res,solar,q2a,avaConv,0.239855956
canada,canada_,res,solar,q3n,avaConv,0
canada,canada_,res,solar,q3m,avaConv,0.000776557
canada,canada_,res,solar,q3p,avaConv,0.470244505
canada,canada_,res,solar,q3a,avaConv,0.21507967
canada,canada_,res,solar,q4n,avaConv,0
canada,canada_,res,solar,q4m,avaConv,0.060666667
canada,canada_,res,solar,q4p,avaConv,0.578416209
canada,canada_,res,solar,q4a,avaConv,0.084055147
usa,alaska,res,wind,q1n,avaConv,0.310533333
usa,alaska,res,wind,q1m,avaConv,0.185137037
usa,alaska,res,wind,q1p,avaConv,0.256402778
usa,alaska,res,wind,q1a,avaConv,0.355352778
usa,alaska,res,wind,q2n,avaConv,0.2311644
usa,alaska,res,wind,q2m,avaConv,0.102166667
usa,alaska,res,wind,q2p,avaConv,0.131391667
usa,alaska,res,wind,q2a,avaConv,0.243537396
usa,alaska,res,wind,q3n,avaConv,0.260647131
usa,alaska,res,wind,q3m,avaConv,0.17185348
usa,alaska,res,wind,q3p,avaConv,0.214016484
usa,alaska,res,wind,q3a,avaConv,0.285596154
usa,alaska,res,wind,q4n,avaConv,0.31313831
usa,alaska,res,wind,q4m,avaConv,0.211032967
usa,alaska,res,wind,q4p,avaConv,0.27109478
usa,alaska,res,wind,q4a,avaConv,0.368169118
