region_2,technology_4,timestep_2,parameter,value
alabama,hltBiomass,2015,capaConvResi,2.9709
arizona,hltBiomass,2015,capaConvResi,6.8401
arkansas,hltBiomass,2015,capaConvResi,3.5084
california,hltBiomass,2015,capaConvResi,20.902
colorado,hltBiomass,2015,capaConvResi,10.5353
connecticut,hltBiomass,2015,capaConvResi,6.2788
delaware,hltBiomass,2015,capaConvResi,0.6595
florida,hltBiomass,2015,capaConvResi,14.4009
georgia,hltBiomass,2015,capaConvResi,6.539
idaho,hltBiomass,2015,capaConvResi,3.1592
illinois,hltBiomass,2015,capaConvResi,8.277
indiana,hltBiomass,2015,capaConvResi,4.4225
iowa,hltBiomass,2015,capaConvResi,3.2128
kansas,hltBiomass,2015,capaConvResi,2.9408
kentucky,hltBiomass,2015,capaConvResi,2.6218
louisiana,hltBiomass,2015,capaConvResi,5.272
maine,hltBiomass,2015,capaConvResi,4.6907
maryland,hltBiomass,2015,capaConvResi,3.8051
massachusetts,hltBiomass,2015,capaConvResi,18.3055
michigan,hltBiomass,2015,capaConvResi,7.0822
minnesota,hltBiomass,2015,capaConvResi,5.6223
mississippi,hltBiomass,2015,capaConvResi,1.7417
missouri,hltBiomass,2015,capaConvResi,6.4409
montana,hltBiomass,2015,capaConvResi,2.2532
nebraska,hltBiomass,2015,capaConvResi,1.9246
nevada,hltBiomass,2015,capaConvResi,2.8224
newHampshire,hltBiomass,2015,capaConvResi,4.0049
newJersey,hltBiomass,2015,capaConvResi,11.7023
newMexico,hltBiomass,2015,capaConvResi,2.1346
newYork,hltBiomass,2015,capaConvResi,26.7268
northCarolina,hltBiomass,2015,capaConvResi,7.0226
northDakota,hltBiomass,2015,capaConvResi,0.852
ohio,hltBiomass,2015,capaConvResi,8.026
oklahoma,hltBiomass,2015,capaConvResi,4.4523
oregon,hltBiomass,2015,capaConvResi,2.5664
pennsylvania,hltBiomass,2015,capaConvResi,18.2454
rhodeIsland,hltBiomass,2015,capaConvResi,2.9761
southCarolina,hltBiomass,2015,capaConvResi,3.4534
southDakota,hltBiomass,2015,capaConvResi,0.893
tennessee,hltBiomass,2015,capaConvResi,3.8732
texas,hltBiomass,2015,capaConvResi,27.558
utah,hltBiomass,2015,capaConvResi,4.734
vermont,hltBiomass,2015,capaConvResi,2.1025
virginia,hltBiomass,2015,capaConvResi,5.4239
washington,hltBiomass,2015,capaConvResi,4.4698
westVirginia,hltBiomass,2015,capaConvResi,2.2583
wisconsin,hltBiomass,2015,capaConvResi,4.1358
wyoming,hltBiomass,2015,capaConvResi,1.2286
alabama,hltBiomass,2020,capaConvResi,2.3767
arizona,hltBiomass,2020,capaConvResi,5.4721
arkansas,hltBiomass,2020,capaConvResi,2.8068
california,hltBiomass,2020,capaConvResi,16.7216
colorado,hltBiomass,2020,capaConvResi,8.4282
connecticut,hltBiomass,2020,capaConvResi,5.023
delaware,hltBiomass,2020,capaConvResi,0.5276
florida,hltBiomass,2020,capaConvResi,11.5208
georgia,hltBiomass,2020,capaConvResi,5.2312
idaho,hltBiomass,2020,capaConvResi,2.5274
illinois,hltBiomass,2020,capaConvResi,6.6216
indiana,hltBiomass,2020,capaConvResi,3.538
iowa,hltBiomass,2020,capaConvResi,2.5702
kansas,hltBiomass,2020,capaConvResi,2.3526
kentucky,hltBiomass,2020,capaConvResi,2.0974
louisiana,hltBiomass,2020,capaConvResi,4.2176
maine,hltBiomass,2020,capaConvResi,3.7526
maryland,hltBiomass,2020,capaConvResi,3.0441
massachusetts,hltBiomass,2020,capaConvResi,14.6444
michigan,hltBiomass,2020,capaConvResi,5.6658
minnesota,hltBiomass,2020,capaConvResi,4.4979
mississippi,hltBiomass,2020,capaConvResi,1.3934
missouri,hltBiomass,2020,capaConvResi,5.1527
montana,hltBiomass,2020,capaConvResi,1.8026
nebraska,hltBiomass,2020,capaConvResi,1.5397
nevada,hltBiomass,2020,capaConvResi,2.2579
newHampshire,hltBiomass,2020,capaConvResi,3.2039
newJersey,hltBiomass,2020,capaConvResi,9.3618
newMexico,hltBiomass,2020,capaConvResi,1.7077
newYork,hltBiomass,2020,capaConvResi,21.3814
northCarolina,hltBiomass,2020,capaConvResi,5.6181
northDakota,hltBiomass,2020,capaConvResi,0.6816
ohio,hltBiomass,2020,capaConvResi,6.4208
oklahoma,hltBiomass,2020,capaConvResi,3.5618
oregon,hltBiomass,2020,capaConvResi,2.0531
pennsylvania,hltBiomass,2020,capaConvResi,14.5963
rhodeIsland,hltBiomass,2020,capaConvResi,2.3809
southCarolina,hltBiomass,2020,capaConvResi,2.7627
southDakota,hltBiomass,2020,capaConvResi,0.7144
tennessee,hltBiomass,2020,capaConvResi,3.0986
texas,hltBiomass,2020,capaConvResi,22.0464
utah,hltBiomass,2020,capaConvResi,3.7872
vermont,hltBiomass,2020,capaConvResi,1.682
virginia,hltBiomass,2020,capaConvResi,4.3391
washington,hltBiomass,2020,capaConvResi,3.5758
westVirginia,hltBiomass,2020,capaConvResi,1.8067
wisconsin,hltBiomass,2020,capaConvResi,3.3086
wyoming,hltBiomass,2020,capaConvResi,0.9829
alabama,hltBiomass,2025,capaConvResi,1.7825
arizona,hltBiomass,2025,capaConvResi,4.1041
arkansas,hltBiomass,2025,capaConvResi,2.1051
california,hltBiomass,2025,capaConvResi,12.5412
colorado,hltBiomass,2025,capaConvResi,6.3212
connecticut,hltBiomass,2025,capaConvResi,3.7673
delaware,hltBiomass,2025,capaConvResi,0.3957
florida,hltBiomass,2025,capaConvResi,8.6406
georgia,hltBiomass,2025,capaConvResi,3.9234
idaho,hltBiomass,2025,capaConvResi,1.8955
illinois,hltBiomass,2025,capaConvResi,4.9662
indiana,hltBiomass,2025,capaConvResi,2.6535
iowa,hltBiomass,2025,capaConvResi,1.9277
kansas,hltBiomass,2025,capaConvResi,1.7645
kentucky,hltBiomass,2025,capaConvResi,1.5731
louisiana,hltBiomass,2025,capaConvResi,3.1632
maine,hltBiomass,2025,capaConvResi,2.8145
maryland,hltBiomass,2025,capaConvResi,2.2831
massachusetts,hltBiomass,2025,capaConvResi,10.9833
michigan,hltBiomass,2025,capaConvResi,4.2494
minnesota,hltBiomass,2025,capaConvResi,3.3734
mississippi,hltBiomass,2025,capaConvResi,1.045
missouri,hltBiomass,2025,capaConvResi,3.8646
montana,hltBiomass,2025,capaConvResi,1.3519
nebraska,hltBiomass,2025,capaConvResi,1.1548
nevada,hltBiomass,2025,capaConvResi,1.6935
newHampshire,hltBiomass,2025,capaConvResi,2.4029
newJersey,hltBiomass,2025,capaConvResi,7.0214
newMexico,hltBiomass,2025,capaConvResi,1.2808
newYork,hltBiomass,2025,capaConvResi,16.0361
northCarolina,hltBiomass,2025,capaConvResi,4.2136
northDakota,hltBiomass,2025,capaConvResi,0.5112
ohio,hltBiomass,2025,capaConvResi,4.8156
oklahoma,hltBiomass,2025,capaConvResi,2.6714
oregon,hltBiomass,2025,capaConvResi,1.5399
pennsylvania,hltBiomass,2025,capaConvResi,10.9473
rhodeIsland,hltBiomass,2025,capaConvResi,1.7857
southCarolina,hltBiomass,2025,capaConvResi,2.0721
southDakota,hltBiomass,2025,capaConvResi,0.5358
tennessee,hltBiomass,2025,capaConvResi,2.324
texas,hltBiomass,2025,capaConvResi,16.5348
utah,hltBiomass,2025,capaConvResi,2.8404
vermont,hltBiomass,2025,capaConvResi,1.2615
virginia,hltBiomass,2025,capaConvResi,3.2543
washington,hltBiomass,2025,capaConvResi,2.6819
westVirginia,hltBiomass,2025,capaConvResi,1.355
wisconsin,hltBiomass,2025,capaConvResi,2.4815
wyoming,hltBiomass,2025,capaConvResi,0.7372
alabama,hltBiomass,2030,capaConvResi,1.1884
arizona,hltBiomass,2030,capaConvResi,2.7361
arkansas,hltBiomass,2030,capaConvResi,1.4034
california,hltBiomass,2030,capaConvResi,8.3608
colorado,hltBiomass,2030,capaConvResi,4.2141
connecticut,hltBiomass,2030,capaConvResi,2.5115
delaware,hltBiomass,2030,capaConvResi,0.2638
florida,hltBiomass,2030,capaConvResi,5.7604
georgia,hltBiomass,2030,capaConvResi,2.6156
idaho,hltBiomass,2030,capaConvResi,1.2637
illinois,hltBiomass,2030,capaConvResi,3.3108
indiana,hltBiomass,2030,capaConvResi,1.769
iowa,hltBiomass,2030,capaConvResi,1.2851
kansas,hltBiomass,2030,capaConvResi,1.1763
kentucky,hltBiomass,2030,capaConvResi,1.0487
louisiana,hltBiomass,2030,capaConvResi,2.1088
maine,hltBiomass,2030,capaConvResi,1.8763
maryland,hltBiomass,2030,capaConvResi,1.5221
massachusetts,hltBiomass,2030,capaConvResi,7.3222
michigan,hltBiomass,2030,capaConvResi,2.8329
minnesota,hltBiomass,2030,capaConvResi,2.249
mississippi,hltBiomass,2030,capaConvResi,0.6967
missouri,hltBiomass,2030,capaConvResi,2.5764
montana,hltBiomass,2030,capaConvResi,0.9013
nebraska,hltBiomass,2030,capaConvResi,0.7699
nevada,hltBiomass,2030,capaConvResi,1.129
newHampshire,hltBiomass,2030,capaConvResi,1.602
newJersey,hltBiomass,2030,capaConvResi,4.6809
newMexico,hltBiomass,2030,capaConvResi,0.8539
newYork,hltBiomass,2030,capaConvResi,10.6907
northCarolina,hltBiomass,2030,capaConvResi,2.8091
northDakota,hltBiomass,2030,capaConvResi,0.3408
ohio,hltBiomass,2030,capaConvResi,3.2104
oklahoma,hltBiomass,2030,capaConvResi,1.7809
oregon,hltBiomass,2030,capaConvResi,1.0266
pennsylvania,hltBiomass,2030,capaConvResi,7.2982
rhodeIsland,hltBiomass,2030,capaConvResi,1.1905
southCarolina,hltBiomass,2030,capaConvResi,1.3814
southDakota,hltBiomass,2030,capaConvResi,0.3572
tennessee,hltBiomass,2030,capaConvResi,1.5493
texas,hltBiomass,2030,capaConvResi,11.0232
utah,hltBiomass,2030,capaConvResi,1.8936
vermont,hltBiomass,2030,capaConvResi,0.841
virginia,hltBiomass,2030,capaConvResi,2.1696
washington,hltBiomass,2030,capaConvResi,1.7879
westVirginia,hltBiomass,2030,capaConvResi,0.9034
wisconsin,hltBiomass,2030,capaConvResi,1.6543
wyoming,hltBiomass,2030,capaConvResi,0.4915
alabama,hltBiomass,2035,capaConvResi,0.5942
arizona,hltBiomass,2035,capaConvResi,1.3681
arkansas,hltBiomass,2035,capaConvResi,0.7017
california,hltBiomass,2035,capaConvResi,4.1804
colorado,hltBiomass,2035,capaConvResi,2.1071
connecticut,hltBiomass,2035,capaConvResi,1.2558
delaware,hltBiomass,2035,capaConvResi,0.1319
florida,hltBiomass,2035,capaConvResi,2.8802
georgia,hltBiomass,2035,capaConvResi,1.3078
idaho,hltBiomass,2035,capaConvResi,0.6319
illinois,hltBiomass,2035,capaConvResi,1.6554
indiana,hltBiomass,2035,capaConvResi,0.8845
iowa,hltBiomass,2035,capaConvResi,0.6426
kansas,hltBiomass,2035,capaConvResi,0.5882
kentucky,hltBiomass,2035,capaConvResi,0.5244
louisiana,hltBiomass,2035,capaConvResi,1.0544
maine,hltBiomass,2035,capaConvResi,0.9382
maryland,hltBiomass,2035,capaConvResi,0.7611
massachusetts,hltBiomass,2035,capaConvResi,3.6611
michigan,hltBiomass,2035,capaConvResi,1.4165
minnesota,hltBiomass,2035,capaConvResi,1.1245
mississippi,hltBiomass,2035,capaConvResi,0.3484
missouri,hltBiomass,2035,capaConvResi,1.2882
montana,hltBiomass,2035,capaConvResi,0.4507
nebraska,hltBiomass,2035,capaConvResi,0.385
nevada,hltBiomass,2035,capaConvResi,0.5645
newHampshire,hltBiomass,2035,capaConvResi,0.801
newJersey,hltBiomass,2035,capaConvResi,2.3405
newMexico,hltBiomass,2035,capaConvResi,0.427
newYork,hltBiomass,2035,capaConvResi,5.3454
northCarolina,hltBiomass,2035,capaConvResi,1.4046
northDakota,hltBiomass,2035,capaConvResi,0.1704
ohio,hltBiomass,2035,capaConvResi,1.6052
oklahoma,hltBiomass,2035,capaConvResi,0.8905
oregon,hltBiomass,2035,capaConvResi,0.5133
pennsylvania,hltBiomass,2035,capaConvResi,3.6491
rhodeIsland,hltBiomass,2035,capaConvResi,0.5953
southCarolina,hltBiomass,2035,capaConvResi,0.6907
southDakota,hltBiomass,2035,capaConvResi,0.1786
tennessee,hltBiomass,2035,capaConvResi,0.7747
texas,hltBiomass,2035,capaConvResi,5.5116
utah,hltBiomass,2035,capaConvResi,0.9468
vermont,hltBiomass,2035,capaConvResi,0.4205
virginia,hltBiomass,2035,capaConvResi,1.0848
washington,hltBiomass,2035,capaConvResi,0.894
westVirginia,hltBiomass,2035,capaConvResi,0.4517
wisconsin,hltBiomass,2035,capaConvResi,0.8272
wyoming,hltBiomass,2035,capaConvResi,0.2458
alabama,hltGas,2015,capaConvResi,2.4493
arizona,hltGas,2015,capaConvResi,7.3363
arkansas,hltGas,2015,capaConvResi,2.888
california,hltGas,2015,capaConvResi,32.8969
colorado,hltGas,2015,capaConvResi,11.2995
connecticut,hltGas,2015,capaConvResi,6.5734
delaware,hltGas,2015,capaConvResi,0.7492
florida,hltGas,2015,capaConvResi,16.3595
georgia,hltGas,2015,capaConvResi,7.4283
idaho,hltGas,2015,capaConvResi,3.3884
illinois,hltGas,2015,capaConvResi,16.0223
indiana,hltGas,2015,capaConvResi,8.5608
iowa,hltGas,2015,capaConvResi,4.358
kansas,hltGas,2015,capaConvResi,3.989
kentucky,hltGas,2015,capaConvResi,2.1615
louisiana,hltGas,2015,capaConvResi,4.3397
maine,hltGas,2015,capaConvResi,4.9108
maryland,hltGas,2015,capaConvResi,4.3226
massachusetts,hltGas,2015,capaConvResi,19.1644
michigan,hltGas,2015,capaConvResi,13.7095
minnesota,hltGas,2015,capaConvResi,7.6264
mississippi,hltGas,2015,capaConvResi,1.4359
missouri,hltGas,2015,capaConvResi,8.7368
montana,hltGas,2015,capaConvResi,2.4166
nebraska,hltGas,2015,capaConvResi,2.6106
nevada,hltGas,2015,capaConvResi,3.0272
newHampshire,hltGas,2015,capaConvResi,4.1928
newJersey,hltGas,2015,capaConvResi,18.5496
newMexico,hltGas,2015,capaConvResi,2.2895
newYork,hltGas,2015,capaConvResi,42.3653
northCarolina,hltGas,2015,capaConvResi,7.9777
northDakota,hltGas,2015,capaConvResi,1.1557
ohio,hltGas,2015,capaConvResi,15.5364
oklahoma,hltGas,2015,capaConvResi,3.665
oregon,hltGas,2015,capaConvResi,4.0391
pennsylvania,hltGas,2015,capaConvResi,28.9213
rhodeIsland,hltGas,2015,capaConvResi,3.1157
southCarolina,hltGas,2015,capaConvResi,3.9231
southDakota,hltGas,2015,capaConvResi,1.2114
tennessee,hltGas,2015,capaConvResi,3.1933
texas,hltGas,2015,capaConvResi,22.6848
utah,hltGas,2015,capaConvResi,5.0774
vermont,hltGas,2015,capaConvResi,2.2011
virginia,hltGas,2015,capaConvResi,6.1615
washington,hltGas,2015,capaConvResi,7.0347
westVirginia,hltGas,2015,capaConvResi,2.5654
wisconsin,hltGas,2015,capaConvResi,8.0059
wyoming,hltGas,2015,capaConvResi,1.3177
alabama,hltGas,2020,capaConvResi,1.9595
arizona,hltGas,2020,capaConvResi,5.8691
arkansas,hltGas,2020,capaConvResi,2.3104
california,hltGas,2020,capaConvResi,26.3175
colorado,hltGas,2020,capaConvResi,9.0396
connecticut,hltGas,2020,capaConvResi,5.2587
delaware,hltGas,2020,capaConvResi,0.5994
florida,hltGas,2020,capaConvResi,13.0876
georgia,hltGas,2020,capaConvResi,5.9427
idaho,hltGas,2020,capaConvResi,2.7107
illinois,hltGas,2020,capaConvResi,12.8178
indiana,hltGas,2020,capaConvResi,6.8487
iowa,hltGas,2020,capaConvResi,3.4864
kansas,hltGas,2020,capaConvResi,3.1912
kentucky,hltGas,2020,capaConvResi,1.7292
louisiana,hltGas,2020,capaConvResi,3.4718
maine,hltGas,2020,capaConvResi,3.9286
maryland,hltGas,2020,capaConvResi,3.4581
massachusetts,hltGas,2020,capaConvResi,15.3315
michigan,hltGas,2020,capaConvResi,10.9676
minnesota,hltGas,2020,capaConvResi,6.1011
mississippi,hltGas,2020,capaConvResi,1.1488
missouri,hltGas,2020,capaConvResi,6.9894
montana,hltGas,2020,capaConvResi,1.9333
nebraska,hltGas,2020,capaConvResi,2.0885
nevada,hltGas,2020,capaConvResi,2.4217
newHampshire,hltGas,2020,capaConvResi,3.3542
newJersey,hltGas,2020,capaConvResi,14.8397
newMexico,hltGas,2020,capaConvResi,1.8316
newYork,hltGas,2020,capaConvResi,33.8922
northCarolina,hltGas,2020,capaConvResi,6.3822
northDakota,hltGas,2020,capaConvResi,0.9245
ohio,hltGas,2020,capaConvResi,12.4291
oklahoma,hltGas,2020,capaConvResi,2.932
oregon,hltGas,2020,capaConvResi,3.2313
pennsylvania,hltGas,2020,capaConvResi,23.137
rhodeIsland,hltGas,2020,capaConvResi,2.4926
southCarolina,hltGas,2020,capaConvResi,3.1385
southDakota,hltGas,2020,capaConvResi,0.9691
tennessee,hltGas,2020,capaConvResi,2.5546
texas,hltGas,2020,capaConvResi,18.1479
utah,hltGas,2020,capaConvResi,4.062
vermont,hltGas,2020,capaConvResi,1.7609
virginia,hltGas,2020,capaConvResi,4.9292
washington,hltGas,2020,capaConvResi,5.6278
westVirginia,hltGas,2020,capaConvResi,2.0524
wisconsin,hltGas,2020,capaConvResi,6.4047
wyoming,hltGas,2020,capaConvResi,1.0542
alabama,hltGas,2025,capaConvResi,1.4696
arizona,hltGas,2025,capaConvResi,4.4018
arkansas,hltGas,2025,capaConvResi,1.7328
california,hltGas,2025,capaConvResi,19.7381
colorado,hltGas,2025,capaConvResi,6.7797
connecticut,hltGas,2025,capaConvResi,3.944
delaware,hltGas,2025,capaConvResi,0.4496
florida,hltGas,2025,capaConvResi,9.8157
georgia,hltGas,2025,capaConvResi,4.457
idaho,hltGas,2025,capaConvResi,2.033
illinois,hltGas,2025,capaConvResi,9.6134
indiana,hltGas,2025,capaConvResi,5.1365
iowa,hltGas,2025,capaConvResi,2.6148
kansas,hltGas,2025,capaConvResi,2.3934
kentucky,hltGas,2025,capaConvResi,1.2969
louisiana,hltGas,2025,capaConvResi,2.6038
maine,hltGas,2025,capaConvResi,2.9465
maryland,hltGas,2025,capaConvResi,2.5936
massachusetts,hltGas,2025,capaConvResi,11.4986
michigan,hltGas,2025,capaConvResi,8.2257
minnesota,hltGas,2025,capaConvResi,4.5759
mississippi,hltGas,2025,capaConvResi,0.8616
missouri,hltGas,2025,capaConvResi,5.2421
montana,hltGas,2025,capaConvResi,1.45
nebraska,hltGas,2025,capaConvResi,1.5664
nevada,hltGas,2025,capaConvResi,1.8163
newHampshire,hltGas,2025,capaConvResi,2.5157
newJersey,hltGas,2025,capaConvResi,11.1298
newMexico,hltGas,2025,capaConvResi,1.3737
newYork,hltGas,2025,capaConvResi,25.4192
northCarolina,hltGas,2025,capaConvResi,4.7867
northDakota,hltGas,2025,capaConvResi,0.6934
ohio,hltGas,2025,capaConvResi,9.3218
oklahoma,hltGas,2025,capaConvResi,2.199
oregon,hltGas,2025,capaConvResi,2.4235
pennsylvania,hltGas,2025,capaConvResi,17.3528
rhodeIsland,hltGas,2025,capaConvResi,1.8695
southCarolina,hltGas,2025,capaConvResi,2.3539
southDakota,hltGas,2025,capaConvResi,0.7268
tennessee,hltGas,2025,capaConvResi,1.916
texas,hltGas,2025,capaConvResi,13.6109
utah,hltGas,2025,capaConvResi,3.0465
vermont,hltGas,2025,capaConvResi,1.3207
virginia,hltGas,2025,capaConvResi,3.6969
washington,hltGas,2025,capaConvResi,4.2209
westVirginia,hltGas,2025,capaConvResi,1.5393
wisconsin,hltGas,2025,capaConvResi,4.8035
wyoming,hltGas,2025,capaConvResi,0.7907
alabama,hltGas,2030,capaConvResi,0.9798
arizona,hltGas,2030,capaConvResi,2.9346
arkansas,hltGas,2030,capaConvResi,1.1552
california,hltGas,2030,capaConvResi,13.1588
colorado,hltGas,2030,capaConvResi,4.5198
connecticut,hltGas,2030,capaConvResi,2.6294
delaware,hltGas,2030,capaConvResi,0.2997
florida,hltGas,2030,capaConvResi,6.5438
georgia,hltGas,2030,capaConvResi,2.9714
idaho,hltGas,2030,capaConvResi,1.3554
illinois,hltGas,2030,capaConvResi,6.4089
indiana,hltGas,2030,capaConvResi,3.4244
iowa,hltGas,2030,capaConvResi,1.7432
kansas,hltGas,2030,capaConvResi,1.5956
kentucky,hltGas,2030,capaConvResi,0.8646
louisiana,hltGas,2030,capaConvResi,1.7359
maine,hltGas,2030,capaConvResi,1.9643
maryland,hltGas,2030,capaConvResi,1.7291
massachusetts,hltGas,2030,capaConvResi,7.6658
michigan,hltGas,2030,capaConvResi,5.4838
minnesota,hltGas,2030,capaConvResi,3.0506
mississippi,hltGas,2030,capaConvResi,0.5744
missouri,hltGas,2030,capaConvResi,3.4947
montana,hltGas,2030,capaConvResi,0.9667
nebraska,hltGas,2030,capaConvResi,1.0443
nevada,hltGas,2030,capaConvResi,1.2109
newHampshire,hltGas,2030,capaConvResi,1.6771
newJersey,hltGas,2030,capaConvResi,7.4199
newMexico,hltGas,2030,capaConvResi,0.9158
newYork,hltGas,2030,capaConvResi,16.9461
northCarolina,hltGas,2030,capaConvResi,3.1911
northDakota,hltGas,2030,capaConvResi,0.4623
ohio,hltGas,2030,capaConvResi,6.2146
oklahoma,hltGas,2030,capaConvResi,1.466
oregon,hltGas,2030,capaConvResi,1.6157
pennsylvania,hltGas,2030,capaConvResi,11.5685
rhodeIsland,hltGas,2030,capaConvResi,1.2463
southCarolina,hltGas,2030,capaConvResi,1.5693
southDakota,hltGas,2030,capaConvResi,0.4846
tennessee,hltGas,2030,capaConvResi,1.2773
texas,hltGas,2030,capaConvResi,9.074
utah,hltGas,2030,capaConvResi,2.031
vermont,hltGas,2030,capaConvResi,0.8805
virginia,hltGas,2030,capaConvResi,2.4646
washington,hltGas,2030,capaConvResi,2.8139
westVirginia,hltGas,2030,capaConvResi,1.0262
wisconsin,hltGas,2030,capaConvResi,3.2024
wyoming,hltGas,2030,capaConvResi,0.5271
alabama,hltGas,2035,capaConvResi,0.4899
arizona,hltGas,2035,capaConvResi,1.4673
arkansas,hltGas,2035,capaConvResi,0.5776
california,hltGas,2035,capaConvResi,6.5794
colorado,hltGas,2035,capaConvResi,2.2599
connecticut,hltGas,2035,capaConvResi,1.3147
delaware,hltGas,2035,capaConvResi,0.1499
florida,hltGas,2035,capaConvResi,3.2719
georgia,hltGas,2035,capaConvResi,1.4857
idaho,hltGas,2035,capaConvResi,0.6777
illinois,hltGas,2035,capaConvResi,3.2045
indiana,hltGas,2035,capaConvResi,1.7122
iowa,hltGas,2035,capaConvResi,0.8716
kansas,hltGas,2035,capaConvResi,0.7978
kentucky,hltGas,2035,capaConvResi,0.4323
louisiana,hltGas,2035,capaConvResi,0.868
maine,hltGas,2035,capaConvResi,0.9822
maryland,hltGas,2035,capaConvResi,0.8646
massachusetts,hltGas,2035,capaConvResi,3.8329
michigan,hltGas,2035,capaConvResi,2.7419
minnesota,hltGas,2035,capaConvResi,1.5253
mississippi,hltGas,2035,capaConvResi,0.2872
missouri,hltGas,2035,capaConvResi,1.7474
montana,hltGas,2035,capaConvResi,0.4834
nebraska,hltGas,2035,capaConvResi,0.5222
nevada,hltGas,2035,capaConvResi,0.6055
newHampshire,hltGas,2035,capaConvResi,0.8386
newJersey,hltGas,2035,capaConvResi,3.71
newMexico,hltGas,2035,capaConvResi,0.4579
newYork,hltGas,2035,capaConvResi,8.4731
northCarolina,hltGas,2035,capaConvResi,1.5956
northDakota,hltGas,2035,capaConvResi,0.2312
ohio,hltGas,2035,capaConvResi,3.1073
oklahoma,hltGas,2035,capaConvResi,0.733
oregon,hltGas,2035,capaConvResi,0.8079
pennsylvania,hltGas,2035,capaConvResi,5.7843
rhodeIsland,hltGas,2035,capaConvResi,0.6232
southCarolina,hltGas,2035,capaConvResi,0.7847
southDakota,hltGas,2035,capaConvResi,0.2423
tennessee,hltGas,2035,capaConvResi,0.6387
texas,hltGas,2035,capaConvResi,4.537
utah,hltGas,2035,capaConvResi,1.0155
vermont,hltGas,2035,capaConvResi,0.4403
virginia,hltGas,2035,capaConvResi,1.2323
washington,hltGas,2035,capaConvResi,1.407
westVirginia,hltGas,2035,capaConvResi,0.5131
wisconsin,hltGas,2035,capaConvResi,1.6012
wyoming,hltGas,2035,capaConvResi,0.2636
alabama,hltElectricFurnace,2015,capaConvResi,0.3882
arizona,hltElectricFurnace,2015,capaConvResi,2.7105
arkansas,hltElectricFurnace,2015,capaConvResi,0.3596
california,hltElectricFurnace,2015,capaConvResi,3.8075
colorado,hltElectricFurnace,2015,capaConvResi,4.1748
connecticut,hltElectricFurnace,2015,capaConvResi,3.4024
delaware,hltElectricFurnace,2015,capaConvResi,0.0775
florida,hltElectricFurnace,2015,capaConvResi,1.6902
georgia,hltElectricFurnace,2015,capaConvResi,0.7675
idaho,hltElectricFurnace,2015,capaConvResi,1.2519
illinois,hltElectricFurnace,2015,capaConvResi,2.9462
indiana,hltElectricFurnace,2015,capaConvResi,1.5742
iowa,hltElectricFurnace,2015,capaConvResi,1.0473
kansas,hltElectricFurnace,2015,capaConvResi,0.9587
kentucky,hltElectricFurnace,2015,capaConvResi,0.3426
louisiana,hltElectricFurnace,2015,capaConvResi,0.5403
maine,hltElectricFurnace,2015,capaConvResi,2.5418
maryland,hltElectricFurnace,2015,capaConvResi,0.4466
massachusetts,hltElectricFurnace,2015,capaConvResi,9.9194
michigan,hltElectricFurnace,2015,capaConvResi,2.5209
minnesota,hltElectricFurnace,2015,capaConvResi,1.8328
mississippi,hltElectricFurnace,2015,capaConvResi,0.2276
missouri,hltElectricFurnace,2015,capaConvResi,2.0997
montana,hltElectricFurnace,2015,capaConvResi,0.8929
nebraska,hltElectricFurnace,2015,capaConvResi,0.6274
nevada,hltElectricFurnace,2015,capaConvResi,1.1185
newHampshire,hltElectricFurnace,2015,capaConvResi,2.1702
newJersey,hltElectricFurnace,2015,capaConvResi,6.1393
newMexico,hltElectricFurnace,2015,capaConvResi,0.8459
newYork,hltElectricFurnace,2015,capaConvResi,14.0216
northCarolina,hltElectricFurnace,2015,capaConvResi,0.8243
northDakota,hltElectricFurnace,2015,capaConvResi,0.2778
ohio,hltElectricFurnace,2015,capaConvResi,2.8568
oklahoma,hltElectricFurnace,2015,capaConvResi,0.4563
oregon,hltElectricFurnace,2015,capaConvResi,0.4675
pennsylvania,hltElectricFurnace,2015,capaConvResi,9.572
rhodeIsland,hltElectricFurnace,2015,capaConvResi,1.6127
southCarolina,hltElectricFurnace,2015,capaConvResi,0.4054
southDakota,hltElectricFurnace,2015,capaConvResi,0.2912
tennessee,hltElectricFurnace,2015,capaConvResi,0.5061
texas,hltElectricFurnace,2015,capaConvResi,2.8243
utah,hltElectricFurnace,2015,capaConvResi,1.876
vermont,hltElectricFurnace,2015,capaConvResi,1.1393
virginia,hltElectricFurnace,2015,capaConvResi,0.6366
washington,hltElectricFurnace,2015,capaConvResi,0.8142
westVirginia,hltElectricFurnace,2015,capaConvResi,0.2651
wisconsin,hltElectricFurnace,2015,capaConvResi,1.4721
wyoming,hltElectricFurnace,2015,capaConvResi,0.4869
alabama,hltElectricFurnace,2020,capaConvResi,0.3106
arizona,hltElectricFurnace,2020,capaConvResi,2.1684
arkansas,hltElectricFurnace,2020,capaConvResi,0.2877
california,hltElectricFurnace,2020,capaConvResi,3.046
colorado,hltElectricFurnace,2020,capaConvResi,3.3398
connecticut,hltElectricFurnace,2020,capaConvResi,2.7219
delaware,hltElectricFurnace,2020,capaConvResi,0.062
florida,hltElectricFurnace,2020,capaConvResi,1.3522
georgia,hltElectricFurnace,2020,capaConvResi,0.614
idaho,hltElectricFurnace,2020,capaConvResi,1.0015
illinois,hltElectricFurnace,2020,capaConvResi,2.3569
indiana,hltElectricFurnace,2020,capaConvResi,1.2593
iowa,hltElectricFurnace,2020,capaConvResi,0.8379
kansas,hltElectricFurnace,2020,capaConvResi,0.767
kentucky,hltElectricFurnace,2020,capaConvResi,0.2741
louisiana,hltElectricFurnace,2020,capaConvResi,0.4323
maine,hltElectricFurnace,2020,capaConvResi,2.0335
maryland,hltElectricFurnace,2020,capaConvResi,0.3573
massachusetts,hltElectricFurnace,2020,capaConvResi,7.9355
michigan,hltElectricFurnace,2020,capaConvResi,2.0167
minnesota,hltElectricFurnace,2020,capaConvResi,1.4663
mississippi,hltElectricFurnace,2020,capaConvResi,0.1821
missouri,hltElectricFurnace,2020,capaConvResi,1.6797
montana,hltElectricFurnace,2020,capaConvResi,0.7143
nebraska,hltElectricFurnace,2020,capaConvResi,0.502
nevada,hltElectricFurnace,2020,capaConvResi,0.8948
newHampshire,hltElectricFurnace,2020,capaConvResi,1.7362
newJersey,hltElectricFurnace,2020,capaConvResi,4.9115
newMexico,hltElectricFurnace,2020,capaConvResi,0.6767
newYork,hltElectricFurnace,2020,capaConvResi,11.2173
northCarolina,hltElectricFurnace,2020,capaConvResi,0.6594
northDakota,hltElectricFurnace,2020,capaConvResi,0.2222
ohio,hltElectricFurnace,2020,capaConvResi,2.2855
oklahoma,hltElectricFurnace,2020,capaConvResi,0.3651
oregon,hltElectricFurnace,2020,capaConvResi,0.374
pennsylvania,hltElectricFurnace,2020,capaConvResi,7.6576
rhodeIsland,hltElectricFurnace,2020,capaConvResi,1.2902
southCarolina,hltElectricFurnace,2020,capaConvResi,0.3243
southDakota,hltElectricFurnace,2020,capaConvResi,0.2329
tennessee,hltElectricFurnace,2020,capaConvResi,0.4049
texas,hltElectricFurnace,2020,capaConvResi,2.2595
utah,hltElectricFurnace,2020,capaConvResi,1.5008
vermont,hltElectricFurnace,2020,capaConvResi,0.9115
virginia,hltElectricFurnace,2020,capaConvResi,0.5093
washington,hltElectricFurnace,2020,capaConvResi,0.6514
westVirginia,hltElectricFurnace,2020,capaConvResi,0.2121
wisconsin,hltElectricFurnace,2020,capaConvResi,1.1777
wyoming,hltElectricFurnace,2020,capaConvResi,0.3895
alabama,hltElectricFurnace,2025,capaConvResi,0.2329
arizona,hltElectricFurnace,2025,capaConvResi,1.6263
arkansas,hltElectricFurnace,2025,capaConvResi,0.2158
california,hltElectricFurnace,2025,capaConvResi,2.2845
colorado,hltElectricFurnace,2025,capaConvResi,2.5049
connecticut,hltElectricFurnace,2025,capaConvResi,2.0414
delaware,hltElectricFurnace,2025,capaConvResi,0.0465
florida,hltElectricFurnace,2025,capaConvResi,1.0142
georgia,hltElectricFurnace,2025,capaConvResi,0.4605
idaho,hltElectricFurnace,2025,capaConvResi,0.7512
illinois,hltElectricFurnace,2025,capaConvResi,1.7677
indiana,hltElectricFurnace,2025,capaConvResi,0.9445
iowa,hltElectricFurnace,2025,capaConvResi,0.6284
kansas,hltElectricFurnace,2025,capaConvResi,0.5752
kentucky,hltElectricFurnace,2025,capaConvResi,0.2056
louisiana,hltElectricFurnace,2025,capaConvResi,0.3242
maine,hltElectricFurnace,2025,capaConvResi,1.5251
maryland,hltElectricFurnace,2025,capaConvResi,0.268
massachusetts,hltElectricFurnace,2025,capaConvResi,5.9516
michigan,hltElectricFurnace,2025,capaConvResi,1.5126
minnesota,hltElectricFurnace,2025,capaConvResi,1.0997
mississippi,hltElectricFurnace,2025,capaConvResi,0.1366
missouri,hltElectricFurnace,2025,capaConvResi,1.2598
montana,hltElectricFurnace,2025,capaConvResi,0.5358
nebraska,hltElectricFurnace,2025,capaConvResi,0.3765
nevada,hltElectricFurnace,2025,capaConvResi,0.6711
newHampshire,hltElectricFurnace,2025,capaConvResi,1.3021
newJersey,hltElectricFurnace,2025,capaConvResi,3.6836
newMexico,hltElectricFurnace,2025,capaConvResi,0.5076
newYork,hltElectricFurnace,2025,capaConvResi,8.413
northCarolina,hltElectricFurnace,2025,capaConvResi,0.4946
northDakota,hltElectricFurnace,2025,capaConvResi,0.1667
ohio,hltElectricFurnace,2025,capaConvResi,1.7141
oklahoma,hltElectricFurnace,2025,capaConvResi,0.2738
oregon,hltElectricFurnace,2025,capaConvResi,0.2805
pennsylvania,hltElectricFurnace,2025,capaConvResi,5.7432
rhodeIsland,hltElectricFurnace,2025,capaConvResi,0.9676
southCarolina,hltElectricFurnace,2025,capaConvResi,0.2432
southDakota,hltElectricFurnace,2025,capaConvResi,0.1747
tennessee,hltElectricFurnace,2025,capaConvResi,0.3037
texas,hltElectricFurnace,2025,capaConvResi,1.6946
utah,hltElectricFurnace,2025,capaConvResi,1.1256
vermont,hltElectricFurnace,2025,capaConvResi,0.6836
virginia,hltElectricFurnace,2025,capaConvResi,0.382
washington,hltElectricFurnace,2025,capaConvResi,0.4886
westVirginia,hltElectricFurnace,2025,capaConvResi,0.1591
wisconsin,hltElectricFurnace,2025,capaConvResi,0.8833
wyoming,hltElectricFurnace,2025,capaConvResi,0.2922
alabama,hltElectricFurnace,2030,capaConvResi,0.1553
arizona,hltElectricFurnace,2030,capaConvResi,1.0842
arkansas,hltElectricFurnace,2030,capaConvResi,0.1439
california,hltElectricFurnace,2030,capaConvResi,1.523
colorado,hltElectricFurnace,2030,capaConvResi,1.6699
connecticut,hltElectricFurnace,2030,capaConvResi,1.361
delaware,hltElectricFurnace,2030,capaConvResi,0.031
florida,hltElectricFurnace,2030,capaConvResi,0.6761
georgia,hltElectricFurnace,2030,capaConvResi,0.307
idaho,hltElectricFurnace,2030,capaConvResi,0.5008
illinois,hltElectricFurnace,2030,capaConvResi,1.1785
indiana,hltElectricFurnace,2030,capaConvResi,0.6297
iowa,hltElectricFurnace,2030,capaConvResi,0.419
kansas,hltElectricFurnace,2030,capaConvResi,0.3835
kentucky,hltElectricFurnace,2030,capaConvResi,0.1371
louisiana,hltElectricFurnace,2030,capaConvResi,0.2162
maine,hltElectricFurnace,2030,capaConvResi,1.0168
maryland,hltElectricFurnace,2030,capaConvResi,0.1787
massachusetts,hltElectricFurnace,2030,capaConvResi,3.9678
michigan,hltElectricFurnace,2030,capaConvResi,1.0084
minnesota,hltElectricFurnace,2030,capaConvResi,0.7332
mississippi,hltElectricFurnace,2030,capaConvResi,0.0911
missouri,hltElectricFurnace,2030,capaConvResi,0.8399
montana,hltElectricFurnace,2030,capaConvResi,0.3572
nebraska,hltElectricFurnace,2030,capaConvResi,0.251
nevada,hltElectricFurnace,2030,capaConvResi,0.4474
newHampshire,hltElectricFurnace,2030,capaConvResi,0.8681
newJersey,hltElectricFurnace,2030,capaConvResi,2.4558
newMexico,hltElectricFurnace,2030,capaConvResi,0.3384
newYork,hltElectricFurnace,2030,capaConvResi,5.6087
northCarolina,hltElectricFurnace,2030,capaConvResi,0.3297
northDakota,hltElectricFurnace,2030,capaConvResi,0.1111
ohio,hltElectricFurnace,2030,capaConvResi,1.1428
oklahoma,hltElectricFurnace,2030,capaConvResi,0.1826
oregon,hltElectricFurnace,2030,capaConvResi,0.187
pennsylvania,hltElectricFurnace,2030,capaConvResi,3.8288
rhodeIsland,hltElectricFurnace,2030,capaConvResi,0.6451
southCarolina,hltElectricFurnace,2030,capaConvResi,0.1622
southDakota,hltElectricFurnace,2030,capaConvResi,0.1165
tennessee,hltElectricFurnace,2030,capaConvResi,0.2025
texas,hltElectricFurnace,2030,capaConvResi,1.1298
utah,hltElectricFurnace,2030,capaConvResi,0.7504
vermont,hltElectricFurnace,2030,capaConvResi,0.4558
virginia,hltElectricFurnace,2030,capaConvResi,0.2547
washington,hltElectricFurnace,2030,capaConvResi,0.3257
westVirginia,hltElectricFurnace,2030,capaConvResi,0.1061
wisconsin,hltElectricFurnace,2030,capaConvResi,0.5889
wyoming,hltElectricFurnace,2030,capaConvResi,0.1948
alabama,hltElectricFurnace,2035,capaConvResi,0.0777
arizona,hltElectricFurnace,2035,capaConvResi,0.5421
arkansas,hltElectricFurnace,2035,capaConvResi,0.072
california,hltElectricFurnace,2035,capaConvResi,0.7615
colorado,hltElectricFurnace,2035,capaConvResi,0.835
connecticut,hltElectricFurnace,2035,capaConvResi,0.6805
delaware,hltElectricFurnace,2035,capaConvResi,0.0155
florida,hltElectricFurnace,2035,capaConvResi,0.3381
georgia,hltElectricFurnace,2035,capaConvResi,0.1535
idaho,hltElectricFurnace,2035,capaConvResi,0.2504
illinois,hltElectricFurnace,2035,capaConvResi,0.5893
indiana,hltElectricFurnace,2035,capaConvResi,0.3149
iowa,hltElectricFurnace,2035,capaConvResi,0.2095
kansas,hltElectricFurnace,2035,capaConvResi,0.1918
kentucky,hltElectricFurnace,2035,capaConvResi,0.0686
louisiana,hltElectricFurnace,2035,capaConvResi,0.1081
maine,hltElectricFurnace,2035,capaConvResi,0.5084
maryland,hltElectricFurnace,2035,capaConvResi,0.0894
massachusetts,hltElectricFurnace,2035,capaConvResi,1.9839
michigan,hltElectricFurnace,2035,capaConvResi,0.5042
minnesota,hltElectricFurnace,2035,capaConvResi,0.3666
mississippi,hltElectricFurnace,2035,capaConvResi,0.0456
missouri,hltElectricFurnace,2035,capaConvResi,0.42
montana,hltElectricFurnace,2035,capaConvResi,0.1786
nebraska,hltElectricFurnace,2035,capaConvResi,0.1255
nevada,hltElectricFurnace,2035,capaConvResi,0.2237
newHampshire,hltElectricFurnace,2035,capaConvResi,0.4341
newJersey,hltElectricFurnace,2035,capaConvResi,1.2279
newMexico,hltElectricFurnace,2035,capaConvResi,0.1692
newYork,hltElectricFurnace,2035,capaConvResi,2.8044
northCarolina,hltElectricFurnace,2035,capaConvResi,0.1649
northDakota,hltElectricFurnace,2035,capaConvResi,0.0556
ohio,hltElectricFurnace,2035,capaConvResi,0.5714
oklahoma,hltElectricFurnace,2035,capaConvResi,0.0913
oregon,hltElectricFurnace,2035,capaConvResi,0.0935
pennsylvania,hltElectricFurnace,2035,capaConvResi,1.9144
rhodeIsland,hltElectricFurnace,2035,capaConvResi,0.3226
southCarolina,hltElectricFurnace,2035,capaConvResi,0.0811
southDakota,hltElectricFurnace,2035,capaConvResi,0.0583
tennessee,hltElectricFurnace,2035,capaConvResi,0.1013
texas,hltElectricFurnace,2035,capaConvResi,0.5649
utah,hltElectricFurnace,2035,capaConvResi,0.3752
vermont,hltElectricFurnace,2035,capaConvResi,0.2279
virginia,hltElectricFurnace,2035,capaConvResi,0.1274
washington,hltElectricFurnace,2035,capaConvResi,0.1629
westVirginia,hltElectricFurnace,2035,capaConvResi,0.0531
wisconsin,hltElectricFurnace,2035,capaConvResi,0.2945
wyoming,hltElectricFurnace,2035,capaConvResi,0.0974
alabama,hltOil,2015,capaConvResi,3.6849
california,hltOil,2015,capaConvResi,20.0677
connecticut,hltOil,2015,capaConvResi,1.6529
delaware,hltOil,2015,capaConvResi,0.4707
florida,hltOil,2015,capaConvResi,10.2774
georgia,hltOil,2015,capaConvResi,4.6666
illinois,hltOil,2015,capaConvResi,43.5659
indiana,hltOil,2015,capaConvResi,23.2775
iowa,hltOil,2015,capaConvResi,6.0881
kansas,hltOil,2015,capaConvResi,5.5726
kentucky,hltOil,2015,capaConvResi,3.2519
maine,hltOil,2015,capaConvResi,1.2348
maryland,hltOil,2015,capaConvResi,2.7156
massachusetts,hltOil,2015,capaConvResi,4.8188
michigan,hltOil,2015,capaConvResi,37.2772
minnesota,hltOil,2015,capaConvResi,10.6541
mississippi,hltOil,2015,capaConvResi,2.1603
missouri,hltOil,2015,capaConvResi,12.2053
nebraska,hltOil,2015,capaConvResi,3.647
newHampshire,hltOil,2015,capaConvResi,1.0543
newJersey,hltOil,2015,capaConvResi,6.6461
newYork,hltOil,2015,capaConvResi,15.179
northCarolina,hltOil,2015,capaConvResi,5.0118
northDakota,hltOil,2015,capaConvResi,1.6144
ohio,hltOil,2015,capaConvResi,42.2446
oregon,hltOil,2015,capaConvResi,2.464
pennsylvania,hltOil,2015,capaConvResi,10.3621
rhodeIsland,hltOil,2015,capaConvResi,0.7835
southCarolina,hltOil,2015,capaConvResi,2.4646
southDakota,hltOil,2015,capaConvResi,1.6922
tennessee,hltOil,2015,capaConvResi,4.8042
vermont,hltOil,2015,capaConvResi,0.5535
virginia,hltOil,2015,capaConvResi,3.8708
washington,hltOil,2015,capaConvResi,4.2913
westVirginia,hltOil,2015,capaConvResi,1.6117
wisconsin,hltOil,2015,capaConvResi,21.7685
alabama,hltOil,2020,capaConvResi,2.9479
california,hltOil,2020,capaConvResi,16.0542
connecticut,hltOil,2020,capaConvResi,1.3223
delaware,hltOil,2020,capaConvResi,0.3766
florida,hltOil,2020,capaConvResi,8.2219
georgia,hltOil,2020,capaConvResi,3.7333
illinois,hltOil,2020,capaConvResi,34.8527
indiana,hltOil,2020,capaConvResi,18.622
iowa,hltOil,2020,capaConvResi,4.8705
kansas,hltOil,2020,capaConvResi,4.4581
kentucky,hltOil,2020,capaConvResi,2.6016
maine,hltOil,2020,capaConvResi,0.9879
maryland,hltOil,2020,capaConvResi,2.1725
massachusetts,hltOil,2020,capaConvResi,3.8551
michigan,hltOil,2020,capaConvResi,29.8218
minnesota,hltOil,2020,capaConvResi,8.5233
mississippi,hltOil,2020,capaConvResi,1.7283
missouri,hltOil,2020,capaConvResi,9.7642
nebraska,hltOil,2020,capaConvResi,2.9176
newHampshire,hltOil,2020,capaConvResi,0.8434
newJersey,hltOil,2020,capaConvResi,5.3169
newYork,hltOil,2020,capaConvResi,12.1432
northCarolina,hltOil,2020,capaConvResi,4.0094
northDakota,hltOil,2020,capaConvResi,1.2916
ohio,hltOil,2020,capaConvResi,33.7957
oregon,hltOil,2020,capaConvResi,1.9712
pennsylvania,hltOil,2020,capaConvResi,8.2897
rhodeIsland,hltOil,2020,capaConvResi,0.6268
southCarolina,hltOil,2020,capaConvResi,1.9717
southDakota,hltOil,2020,capaConvResi,1.3538
tennessee,hltOil,2020,capaConvResi,3.8434
vermont,hltOil,2020,capaConvResi,0.4428
virginia,hltOil,2020,capaConvResi,3.0967
washington,hltOil,2020,capaConvResi,3.4331
westVirginia,hltOil,2020,capaConvResi,1.2894
wisconsin,hltOil,2020,capaConvResi,17.4148
alabama,hltOil,2025,capaConvResi,2.211
california,hltOil,2025,capaConvResi,12.0406
connecticut,hltOil,2025,capaConvResi,0.9917
delaware,hltOil,2025,capaConvResi,0.2824
florida,hltOil,2025,capaConvResi,6.1665
georgia,hltOil,2025,capaConvResi,2.8
illinois,hltOil,2025,capaConvResi,26.1395
indiana,hltOil,2025,capaConvResi,13.9665
iowa,hltOil,2025,capaConvResi,3.6529
kansas,hltOil,2025,capaConvResi,3.3436
kentucky,hltOil,2025,capaConvResi,1.9512
maine,hltOil,2025,capaConvResi,0.7409
maryland,hltOil,2025,capaConvResi,1.6294
massachusetts,hltOil,2025,capaConvResi,2.8913
michigan,hltOil,2025,capaConvResi,22.3663
minnesota,hltOil,2025,capaConvResi,6.3925
mississippi,hltOil,2025,capaConvResi,1.2962
missouri,hltOil,2025,capaConvResi,7.3232
nebraska,hltOil,2025,capaConvResi,2.1882
newHampshire,hltOil,2025,capaConvResi,0.6326
newJersey,hltOil,2025,capaConvResi,3.9877
newYork,hltOil,2025,capaConvResi,9.1074
northCarolina,hltOil,2025,capaConvResi,3.0071
northDakota,hltOil,2025,capaConvResi,0.9687
ohio,hltOil,2025,capaConvResi,25.3468
oregon,hltOil,2025,capaConvResi,1.4784
pennsylvania,hltOil,2025,capaConvResi,6.2173
rhodeIsland,hltOil,2025,capaConvResi,0.4701
southCarolina,hltOil,2025,capaConvResi,1.4788
southDakota,hltOil,2025,capaConvResi,1.0154
tennessee,hltOil,2025,capaConvResi,2.8825
vermont,hltOil,2025,capaConvResi,0.3321
virginia,hltOil,2025,capaConvResi,2.3225
washington,hltOil,2025,capaConvResi,2.5748
westVirginia,hltOil,2025,capaConvResi,0.967
wisconsin,hltOil,2025,capaConvResi,13.0611
alabama,hltOil,2030,capaConvResi,1.474
california,hltOil,2030,capaConvResi,8.0271
connecticut,hltOil,2030,capaConvResi,0.6612
delaware,hltOil,2030,capaConvResi,0.1883
florida,hltOil,2030,capaConvResi,4.111
georgia,hltOil,2030,capaConvResi,1.8667
illinois,hltOil,2030,capaConvResi,17.4264
indiana,hltOil,2030,capaConvResi,9.311
iowa,hltOil,2030,capaConvResi,2.4353
kansas,hltOil,2030,capaConvResi,2.2291
kentucky,hltOil,2030,capaConvResi,1.3008
maine,hltOil,2030,capaConvResi,0.494
maryland,hltOil,2030,capaConvResi,1.0863
massachusetts,hltOil,2030,capaConvResi,1.9276
michigan,hltOil,2030,capaConvResi,14.9109
minnesota,hltOil,2030,capaConvResi,4.2617
mississippi,hltOil,2030,capaConvResi,0.8642
missouri,hltOil,2030,capaConvResi,4.8821
nebraska,hltOil,2030,capaConvResi,1.4588
newHampshire,hltOil,2030,capaConvResi,0.4217
newJersey,hltOil,2030,capaConvResi,2.6585
newYork,hltOil,2030,capaConvResi,6.0716
northCarolina,hltOil,2030,capaConvResi,2.0047
northDakota,hltOil,2030,capaConvResi,0.6458
ohio,hltOil,2030,capaConvResi,16.8979
oregon,hltOil,2030,capaConvResi,0.9856
pennsylvania,hltOil,2030,capaConvResi,4.1449
rhodeIsland,hltOil,2030,capaConvResi,0.3134
southCarolina,hltOil,2030,capaConvResi,0.9859
southDakota,hltOil,2030,capaConvResi,0.6769
tennessee,hltOil,2030,capaConvResi,1.9217
vermont,hltOil,2030,capaConvResi,0.2214
virginia,hltOil,2030,capaConvResi,1.5484
washington,hltOil,2030,capaConvResi,1.7166
westVirginia,hltOil,2030,capaConvResi,0.6447
wisconsin,hltOil,2030,capaConvResi,8.7074
alabama,hltOil,2035,capaConvResi,0.737
california,hltOil,2035,capaConvResi,4.0136
connecticut,hltOil,2035,capaConvResi,0.3306
delaware,hltOil,2035,capaConvResi,0.0942
florida,hltOil,2035,capaConvResi,2.0555
georgia,hltOil,2035,capaConvResi,0.9334
illinois,hltOil,2035,capaConvResi,8.7132
indiana,hltOil,2035,capaConvResi,4.6555
iowa,hltOil,2035,capaConvResi,1.2177
kansas,hltOil,2035,capaConvResi,1.1146
kentucky,hltOil,2035,capaConvResi,0.6504
maine,hltOil,2035,capaConvResi,0.247
maryland,hltOil,2035,capaConvResi,0.5432
massachusetts,hltOil,2035,capaConvResi,0.9638
michigan,hltOil,2035,capaConvResi,7.4555
minnesota,hltOil,2035,capaConvResi,2.1309
mississippi,hltOil,2035,capaConvResi,0.4321
missouri,hltOil,2035,capaConvResi,2.4411
nebraska,hltOil,2035,capaConvResi,0.7294
newHampshire,hltOil,2035,capaConvResi,0.2109
newJersey,hltOil,2035,capaConvResi,1.3293
newYork,hltOil,2035,capaConvResi,3.0358
northCarolina,hltOil,2035,capaConvResi,1.0024
northDakota,hltOil,2035,capaConvResi,0.3229
ohio,hltOil,2035,capaConvResi,8.449
oregon,hltOil,2035,capaConvResi,0.4928
pennsylvania,hltOil,2035,capaConvResi,2.0725
rhodeIsland,hltOil,2035,capaConvResi,0.1567
southCarolina,hltOil,2035,capaConvResi,0.493
southDakota,hltOil,2035,capaConvResi,0.3385
tennessee,hltOil,2035,capaConvResi,0.9609
vermont,hltOil,2035,capaConvResi,0.1107
virginia,hltOil,2035,capaConvResi,0.7742
washington,hltOil,2035,capaConvResi,0.8583
westVirginia,hltOil,2035,capaConvResi,0.3224
wisconsin,hltOil,2035,capaConvResi,4.3537
